780 711 3301 1714 9076 1494 5998 9875 3062 7022 9523 7046 8776 5728 5028 6378 3628 2382 3833 334 3410 4670 3399 7515 2193 1704
4346 180 8635 7502 1355 432 2761 6107 2075 7127 2864 701 5840 277 4545 9184 8214 2192 4517 6065 7049 6664 796 8670 1987 444 6316 7677 7065 5537 1031 2199 3038 7208 8165 3424
909 7479 3320 5515 5319 4122 6356 8381 900 7520 7092 9922 6884 6193 2331 3856 9018 1745 1237 4591 3159 4112 9552 1006 5470 542 5021 3712 9302 75 9668 5715 9543 615 6442 3585 277 352 1597 1274 747 1107 3884 7982 4924 4211 9572 4035
6309 2915 8904 8880 2474 2255 1725 1199 1162 8124 9161 9535 3854 3816 2069 2438 7180 631 827 5454 2754 9259 1602 3280 8462 4398 9836 7264 574 9507 5704 1497 1328 6630 734
1084 4647 5003 2580 766 4983 8748 2449 6875 2071 3331 6757 8862 6357 6112 7805 5358 1038 4339 439 5307 4160 2877 1087 6363 2517 3085 833 5300 839 7035 3073 3418 6834 8124 2012 757 2340 5178 2845 735 2824 9473 4647 996 290 8279 4857 8607 5716
449 3721 6477 9951 1300 6800 2 3114 1297 8425 6741 4873 5049 8792 3207 9604 7652 56 8767 2206 2107 4691 148 9055 5890 9910 5962
7316 6690 7795 2962 9060 3369 8397 7554 10 9685 3142 9971 7365 4938 479 2278 1328 7450 27 7551 883 984
3144 2409 3914 7930 9119 3647 6459 6921 6468 7496 7745 340 5228 6742 2062 7538 3377 3840 6075 5884 3913
1316 6683 7534 7474 8836 9234 3617 7638 3672 8606 9507 6640 7045 43 7824 5431 4385 5002 5540 6189 2505 651 2562 4024 8132 3962 5161
4463 409 5193 5981 7029 2046 4428 6039 3492 621 8961
7665 6461 9783 7347 2237 2086 6447 4284 132 3124 702 3642 2468 7673 6214 5945 7125 8033 6190 3926
7071 2095 4507 8179 5092 9439 5101 2389 5235 8937 9870 7414 7619
3849 8981 6164 5422 8876 3127 6901 1580 2374 131 2599 9066 2234 7402 4310 5610 5707 1076 3446 4581 8270 9582 4680 6371 1564 7127 5806 2902 1588
6301 6736 3980 3403 859 652 7511 275 7442 3378 2481 3809 979 8983 4824 4542 7478 801 261 4537 915 902 3272 3976 4924 7058 2670 4592 58 2699 4656
4422 4742 2978 3059 6258 1671 6808 5605 9061 7161 571 1412 6854 3479 917 322 4279 309 9654 8998 6072 5746 2264 5425 8563 3942 8753 1820 5037 4445 3279 15 8684
816 9372 5393 3698 5340 6983 4161 1933 6983 2565 1326 6320 5230 265 1777 8377 1927 8776 3831 5449 2464 576 273 2817 7787 3749 8937 1404 2024 1265 8843 5888
9976 602 3359 4976 6636 3310 5758 3686 8749 3519 6809 3259 9320 3882 4280 4284 1875 6768 9326 5424 2164 2755 184 2652 4215 5747 822 1692 3802 2203 7670 87 2475 7387 3903 4515 7133
5615 9905 9539 3544 4070 4725 8478 8462 1964 7216 2336 8575 307 2988 2301 7132 5049 9113 5752 2551 8277 6714
1432 2386 5630 5432 7917 5604 1920 4802 3197 1582 9576 6299 7333 1562 569 5251 5342 247 1405 5103 2556 9608 7988 3643 9548 949 7148 3764 250 9924 1799 4070 6113 7987 6469 8053 1867
5935 4230 5889 7169 9346 4218 2549 9658 5429 3788 386 5675 1333 526 5846 8072 9412 688 5788 4064 5479 2517 17 5130 1695 9892 6933 1705 7253 5803 9732 1720 5663 9367 1398 5300 7957 4752 5489 2572 2864 3079 2568 6181
6468 3037 8059 3052 4067 2842 7969 8326 9680 7142 3315 40 7606 219 2921 8549 5805 8208 6179 1136 99 5952 5413 7026 2657 9404 8214 1267 5756 1148 3587 9392 344 5933 1685 875 6406 8928 161 7166 8814 3572 7824 2693 6147 4336 319 5248 1206
2846 5259 7735 608 8784 6888 1626 458 757 386 3976 8191 345 5795 6698 580 6699 1369 4967 3702 1623 4407 3047 8455 76 9410 9336 5666 9635 3775 8674 8703 3157 4635 5067 9758 1602 5160 8734 860 9369 2503 5621 9098 6100 327 7077
900 8013 866 526 3998 3157 6064 8432 5861 4820 6589 7948 2463 1127 9839 2067 9546 4869 809 1272 9329 8790 5278
8780 3385 8934 5370 7233 2230 5731 7635 4083 6681 4639 843 1690 2295 6867 3038 4022 8152 8288 7825 9097 4967 6787 496 3912 1195 5693 8248
812 204 1013 7309 2652 8480 2063 9729 2675 52 5559 3486 927 6723 719 1415 7953 7281 942 5559 4098 8413 2811 2869 6545 3228 2319 2568 524 1790
8510 15 6204 4169 2669 6780 4862 6751 7515 4575 7322 296 3490 7158 6714 6933 8803 8694 8674 1126 9279 3754 3652 9679 2484 798 1685 5858 7620 3947 5979 1778 4465 9448 3756 9498 410 2593
630 3562 5725 478 7944 5472 6016 855 5026 1821 7960 1435 2777 4235 6883 271 9468 4093 2437 6104 8100 2901 4108 13 4120 902 4214 7256 8961 3470
5725 4239 2336 353 4563 1539 7685 1798 6310 8609 7310 7532 4160 1257 5438 6347 7393 7458 5997 9031 2 205 1503 3580 1226 5719 9002 4695 5085 5834 8974 4044 4627 1402 2205
7079 164 3068 1518 7108 8206 9797 9195 4117 4699 3976 5790 3485 237 1750 6881 7594 8493 1432 7076 3145 3058 4828 4821 7491 2032 117 7452 886 5826 7499 5664 4790 7853 8148 3186
5429 348 429 3998 8493 8246 7869 8748 3642 6974 4038 784 3579 8115 812 2796 4524 6854
1270 6983 369 9996 7950 7233 9811 6971 4258 7426 979 8037
3425 6322 9186 2719 1718 5748 6124 3107 6286 2991 6971 2422 6149 1971 7287 3885 9344 8983 87 2231 6379 6407 233 7439
2394 6198 5669 6809 7930 9322 3601 9357 35 3387 706 261 3062 1697 9874 964 5149 6626 6710 4912 566 4587 1567 1837 5828 9551 3625 2420 4141 2647 9065 9598 9587 9852 3446 8299 4157 8741 796 1964 7518
3752 6654 8372 7233 1319 8963 8703 8357 6073 4738 3611 1966 7848 7656 6618 8132 4349 9027 5719 3426 1998 1426 5050
8793 3965 7491 1522 3992 6951 3752 250 6654 9343 2018 8304 5907 1016 7189 5315 6140 6491 3744 1922 5656 3829 5204 8006 7700 4211 3285 9161 3226 6637 7598 2901 1815 862 4316 5273 5533 8261 7848
1060 7418 9489 9813 3283 4294 8834 219 2103 168 3454 5288 3144 9212 727 5979 3856 9591 2477 1833 2382 2972 27 6042 7220 4241 3981 4688 856 1718 4602
7736 4647 7676 9197 1050 3668 3820 8041 5816 2232 577 4546 1047 9453 3213 258 7112 482 9715 6798 3950 368 7224 5443 9182 6077 5472 1501
5832 2841 37 4854 3999 2497 539 1200 8359 3133 7908 8378 148 3588 2517 201 3812 7344 5115 9049 7409 6245 9414 7262 6823 6067 6072 7820 1038 1124 819 2650 2055 2952
5500 4815 7340 7917 380 2953 6030 6661 1873 408 7056 7095 5729 2191 4342 3333 981 6378 4394 7588 5509 8290 1892 546 3921 5739 531 2451 5094
6783 7022 1404 7625 3606 5105 5265 4229 6990 215 4504 1160 3603 877 1952 4731 596 6987 8970 8690 1648 2817 1164 3713
9061 1339 3291 6632 8478 5692 3193 1227 597 3848 2816 5198 6511 5651 3573 3071 7663 6199 381 326 6350 3451 6891 3136 7132 6670 5240 6336 3813 2726 8175 2362 9344 9879 8405 5682 5259 4475 1303 9199 953 8181 4257 582 9601 3521 7249 9880
7586 5519 2620 3498 840 4231 8877 8992 2510 4301 8309 5993 4911 6806 9454 2741 4882 8226 6539 3952 7664 8411 3961 4957 5762 6678 6277 5853 3111 7254 8361 375 2130 8233 6841 8968 9476 4021
968 8783 8152 9674 2493 8258 8764 3917 8769 7891 6655 1512 3218 9172
2498 1100 7245 2168 1875 8356 4110 1473 6685 1928 7649 6833 8810 4385 7540 6400 3029 9649 7363 7831 2084 2543 5030
2651 2264 2588 3864 8448 2225 4538 2294 8450 6485 7028 8508 3710 8919 3958 8646 929 1419 5129 468 5710 2330 8008 5243 4463 7086 942 722 175 756 2443 2806 4065 6243
8845 7469 7013 4882 913 1883 154 3068 5465 9577 3277 8960 6834 3784 9320
3452 7395 8512 3734 4926 7884 7369 6047 5375 7825 5142 5790 1046 6558 8231 4158 8723 2780 9792 2460 7392 7459 7935 2853
6479 7336 4753 5212 8120 9738 4622 5933 8544 6305 7678 6010 1858 1936 4559 6891 8857 8746 476 5393 3052 6900 4829 7973 2800 1063 3984 5426 7510 4148 3554 2875 7518 8926 7639 7002 5013 4326 2574 5904 4898 2221 6245 1540 9695
1480 4266 6003 20 4820 8607 9687 644 4526 4215 4803 1821 1686 5429 1531 3121 2655 3351 152 3257
5683 8141 176 4633 9832 7285 6534 8987 3387 4225 3621 7808 1616 710 5382 2237 4448 8398 3624 6652 9526 7674 9328 1415 9576 770
4877 9986 8724 5071 148 6822 3383 373 7803 3353 5444 4130 2713 8989 7881 3354 5709 1962 8696 6759 6342 1503 3946 2848 6105 8339 9713 3316 7484 7115 1206 4354 4286 6247 1511 6958 9688 515
9877 5432 5124 3006 7186 3368 5841 8950 1229 182 5705 4300 5719 7350 9632
3309 5294 7663 2175 684 9531 3307 8934 6132 9462 4807 5213 2933 8512 2259 2304 9482 1322 9989 2207 1784 2977 1451 4202 5355 5311 9063 8154 982 9754 689 9833 6169 4560 4565 6630 8892 5690 1890 88 9673 9062 8797 2489 1328 543 6081 1134 5314
1896 5179 2727 4884 9257 3206 5126 1844 5877 3063 8536 2489 373 2933 1167 2578 4412 8821 8174 8481 9995
1756 5273 9881 7753 4304 597 8877 3870 689 4321 7877
6812 9298 9115 8851 8813 4445 3803 8187 5438 9695 7436 3932 9224 4228 9243 510 9497 24 8938 4430 2425 7950 1527 7445 6989 1887 2631 4431 9090 1449 1036 5335 4622 6972 500 7114 8539 2625 2538 7631 2244 7134 643 9249 5192 3916 5830 8816 8803
4141 3311 9928 2204 1390 2765 6377 3779 1110 3702 6006 6015 8945 3259 5617 2420 8586 344 6580 6295 5201 5685 7717 5793 1594
9878 8209 9374 1944 3645 3092 6477 3098 8514 1267 7187 647 9588 7799 7645 4422 3760 5773 1804 2902 722 9066 1806 556 1762 7356 4304 8635 341 5734 8832 9737 5390 6745 9440 8857 4341 8648 718 3645 2946 5967 6182 4438 5805 5665 5875 5191 4893 818
6310 729 6904 372 7375 8517 2113 1530 3938 5681 2040 3272
4664 5496 3068 461 1494 9086 8355 5210 4434 863 8186 1557
6351 9110 8584 5695 5718 5366 1394 9893 6339 9360 840 8359 5941 3218 4861 5142 5079 2521 4538 9646 7714 1913 7477 426 9808 1249 9786 8771 4213 5602 2097 8469 1908 4650 4891 2163 6042 1598
5383 9885 5793 8629 1378 1310 339 1536 1998 8834 4917 9233 982 3193 226 9923 6486 8316 2961 2104 1003 5519 4882 772 3292 6732
9706 981 2966 5350 4204 7668 9672 546 3413 8472 6288 144 8852 5468 5533 4912 6838 5610 6372 1530 1160 6621 3043 7647 978 2841 8627
4221 5874 5850 1743 4259 8166 7438 2211 8305 2028 1535 1965 2848 3763 8519 2149 3918 8682 8501 329 4828 542 9032
5694 7695 2967 4085 4656 3566 9551 4967 7844 1199
5872 874 7799 7137 6952 5896 715 2495 1439 9307 6742 9707 1088 1924 3658 5637 5970 9696 7476 3577 6333 5441 3679
6615 595 7456 2568 9868 7235 4185 142 1600 6520 8014 8706 2932 3145 8280 7430 4646 152 5636 4622 9618 2521 1949 12
6777 5943 7753 268 7640 6300 3774 3123 7842 7966
5345 5433 4739 1070 4956 8991 349 3011 3927 6717 5109 4227 1588 1394 9535 5743 1772 295 3066 142 1133 3325 9367 4988 6291 106 8994 7043
2683 6599 9456 2496 9816 1692 1248 5396 4406 6048 7425 646 2948 9624 3496 1312 245 6989 1415 5056 9619 565 4988 4967 4680 2956 8864 7976 1359 3448 2514 8104 8576 1958 3192 9501 5458 3434 6888 6141 9492 4251 445 5704 2463
3827 9357 4613 4648 9561 9577 9209 3161 1560 3054 7880 9330 8406 1264 6 4102 5531 33 7112
6670 12 1645 7944 856 2828 1481 4352 3500 2528 2551 137 114 3345 9739 219 7513 2992 7416 5840 5561 6381 5023 1874 9422 8907 6795 9187 9732 2471 9121 6986 6956 8220
3121 2439 8695 4409 7629 3078 4580 2388 1683 7180 4723 1027 8278 8897 7868 567 3260 7143 2986 2819 9830 7254 5935 7499 6846 7020 745 219 3914
5358 9736 6223 7133 4537 9447 4388 1725 780 7393 6648
9876 4331 1853 2187 2930 4017 8906 5734 4448 7308 7596 1350 134 8187 933 5366 8495 5180 8868 4230 8064 933 5569 8659 7223 5228 7689 9742 7160 2223 9180 3059 7814 2211 2604 2552 1645 2322 8344 6360 3603 4135 3916 6776 4144 4484 449 5049 3101 3560
120 8086 6775 5180 1567 4764 5181 5826 8074 6967 5408 5544 2577 1208 3473 3204 4872 7802 9360 7476 8570 5898 8999 6540 4690 8359 2908
420 6971 915 631 6238 8121 1911 3917 6844 7647 3339 1867 4986 282 6777 281 2236 3373 3412 6363 8753 4693 575 5031 1998 3694 461 9549 7662 2861 2157 3719 5251 9860 6609 2797 1082 7749 9130 1621 9769 6967 6566
5386 9789 8660 3025 9574 1805 1818 9934 5694 8792 332 8638 2351 167 7129 7839 2839 4776 3612 5092 6713 5306 7020 2758 1418 924 8276 7902 4147 3033 8855 2099 7559 8774 8736 8889 9193 3797 9610 5331 9793 2756 6340 6163 5843 139
8785 8007 8164 201 7785 9261 5219 6227 6056 7509 8579 1007 4477 3277 2435 471 5141 2122 1475 8163 2643 864 9281 2880 5776 2908 528 6988 5298 2720 6404 3935 4650 7526 8698 991 295 1156 7815 3832 7571 8023 6166 8567 5702 4603
5320 4069 857 4253 8670 3921 8943 9863 6443 8025 6148 7453 7007 7393
6374 390 8419 9196 3608 9112 9734 2557 4600 4660 8831 3867 9104 205 1912 6194 8370 8971 8661 9180 4086 4933 2760 6597 8463 6853 5694 6048 4635 6534 7301 959 52 9821 9903 1717 3937
2257 2057 1517 3895 7174 2446 3435 2228 5118 2438
5614 5431 3000 1223 4118 4286 492 1258 4733 677 9613 3196 5209 8509 7916 9231 5450 753 9275 5903 1737 3527 306 5261 7394 3502 6705 4850 875 4037 9791 8561 2955 6700 1133 3381 6156 3157 7357 128 5288 2432 4498 8679
5281 5644 3881 603 9093 4277 8632 4553 1141 7059 4845 2785 1350 7531 309 7150 3653 8591 2787 7887
4458 2937 2179 2311 812 6628 1804 6128 7322 7570 1410 1454
632 6726 4971 7264 2091 3157 8112 1789 6316 3673 2674 8507 4491 5876 3483 6775 4329 301 6403 6861 3529 8810 1373 5125 7822 3781 7783 4263 9638 5655 8435 8908 8716 9300 9073 4922 197 2859 9141 2361 3460 1372
490 1337 9069 7697 6176 2995 6371 887 2190 1299 4441 4247 3965 5736 5490
791 6075 6278 2139 8648 483 8141 8584 2719 9087 8484 9319 8529 6782 205 1611 1613 9946 3602 54 2266 8278 8111 9737 7220 886 3888 4523 5339 3736 2999 4736 675 5388 5518 8069 7389 7679 3151 1270 1980 8827 6636 5050
9691 4439 2966 3522 6901 1245 9527 6239 3120 1409 9266 9799 5354 1173 8296 3909 3829 9315 3153 2627 3483 21 9229 9670 7135 5947
9675 3403 2279 8535 8982 5308 6473 7869 6562 5104 7495 7015 3524 3784 4106 4302 4678 4582 7851 1498
9377 792 2224 9993 8928 3356 981 7922 1153 1003 9481 1285 8371 4671 9370 175 6169 8376 3607 2973
5166 5015 9100 5498 8482 4330 129 2252 4856 9959
5566 9369 7610 1763 6152 8862 786 5307 7168 5668 2784 6451 5563 2762 4715 4131 9060 7782
1749 3875 2597 7144 5591 4715 5989 7806 8627 5703 8618 8946 1242 9943 5820 2996
4250 1001 8622 8443 6566 5082 3093 1342 7970 9861 2081 8234 7951 1901 2076 1719 2093 5479 2709 657 1673 245 4861 9904 1622 7205 3797 3712 9184 9570 3887
4107 3731 774 2680 3713 955 3411 9456 4243 820 8393 8631 844 5881 2472 2623 502 3099 8109 5094 2262 3352 8166 2527 5727 2580 2417 4766 9841 6421 2365 9255 1688 5556 7307 3023 5923 628 4695 4470 9494 1661
851 225 9699 97 4428 3281 9266 8243 2798 672 9920 6580 3158 1402 5745 9092 1279 8947 2702 6566 2867 7054 3348 6220 1337 2905 4096 8867 8393 2905 8998 6004 6393 9140 6962 4432 1139 386 7848 3025 247 6416 7736 6422 8851 6147 8126
7248 4581 8058 9052 8079 2523 8473 6476 3987 2176 3317 5682 2304 8884 1545 7864 3328 3645 5683 2883 328 6339 4537 584 1918 9917 6015 1519 9321 8666 5124 430 7002 1288
5415 8014 3879 3356 5790 3510 3650 1145 2712 4612 7462 7476 3128 9796 5093 7194 3657 4144 6498
2466 4175 9236 7412 6623 4026 8910 6934 5476 7297 6303 9841 8282 22 7765
8676 8767 4674 7093 3452 9146 5504 9119 2399 2255 9094 5998 7518 9612 9977 7122 4766 9237 640 591 2678 1199 3790 4998 256 2976 3567 9481 2410 1046 9026 951 7793 4736 8565 186 447 1492 6963 1851 8425 5517 6440 1476 3637 4709 8058 760 6308 4095
1552 1253 6744 2202 5441 698 1135 7557 8070 1660 2044 3992 1047 7423 1208 867 3317 6185 7634 4744 2842 5471 9460 1144 4779 4479 9041 6997 6139 4110 3887 5471 8404 877 6802 8599 7340 2412 1920 9164 4792 9071 3277 4274 4121 7766
7482 2697 5749 9597 4410 1208 4344 1245 7591 6785 6415 7499 3279
9952 6892 3102 4882 8110 3978 8654 6430 2178 9266 4976 1266 4696 1553 539 2986 4852 8755
1113 8718 2829 4957 5865 7506 3585 7415 3106 4502 8867 7148 7520 2012 1210 456 562 2635 4584 4775 4029 6112 3732 2485 5123 6003
6317 6271 9743 5090 70 6486 2373 6765 6459 6906 2274 411 270
2941 1784 2299 7127 3752 4775 933 2488 4393 7008 5654 5765 883 9254 887 4133 9629 5583 2574
5355 1344 7951 7310 443 3226 5696 1212 1261 7147 8849 7384 7765 4112 5513 6334 830 7435 514 5488 3505 5832 8268 6755 6429 1524 715 169 2496 2477 6882 6102 3274 5368 6715 9417 9416 4929 674 1846 7188 8979
4789 9541 3622 2605 1139 4359 2757 7834 7984 2108 6200 4941 9655 1559 8201 5147 7996 8956 9656 901 1862 2185 8109 1141 2804 7254 199 9305 8093 3259 3974 8559 6637 7416 4983 4077 6820 3815 2309 7543 9813 1654 9569 7145 5630
9910 5130 5933 6235 1171 5861 1770 1335 9748 6284 8587 2640 3183 4853 5543 1087 7288 8651 2696 3085 5455 5861 3223 633 6431 450 4429 6523 177 8252 7043 7863 2945 9955 4555 3852 5122 9367 9790
4644 9023 1564 2585 6016 5426 5774 7365 2617 6685 187 3515 5537 1217 5612 5869 5670 2511 4769 6185 1979 5283 3119 6449 5384 8206 6700 6647 1064 5438 35 9142
9912 8670 6690 9829 5171 6584 8393 6917 9276 4187 8246 8509 935 6525 6996 2708 1305 1966 8244 1105 9687 5320 3428 5143
8809 5748 4231 4576 2316 4200 3741 7990 8036 4879 3688 956 8804 5497 6014 5987
7176 2914 5879 4028 7646 3744 5979 4940 6910 2668 6581 2950 961 6234 2082 4631 9863 4595 5069 655 8746 3796 1333 3894 8948 8658 5528 5369 9944 106 6826 119 2841 5654
9849 4354 7234 9209 6592 8695 6636 5469 6363 5669 5570 1062 7554 4097 314 8379 1860 5773 3931 8286 8573 5798 8593
7919 9119 5516 6680 7007 5522 5870 2078 3960 1574 9258 6523 4236 4691 2192 8447 6850 8789 200 7333 3378 5740 743 1920 4211 7079 1220 985 6280 1145 5404 9785 4058 2489 6478 8915 6200 8342 5190 6852 4723 9411 9034 7968 9039 4593 1051 1580 1027
2955 9432 3589 2960 7540 5558 8858 2051 7817 2211 7194 5738 5807 5976 7851 3081 4145 2395 6563
989 3596 5311 8226 9376 5699 3734 8520 7147 8767 2996 3440 3414 9626 1490 7580 7995 8783 8031 9943 2921 6065 4686 6262 9906 1620
7583 2836 5112 4623 6105 8936 2072 9104 918 1555 9693 8306 159 2048 3252 5155 7914 3716 9404 5977 8434 7713 3142 608 8011 7961 1715 4038 9982 4523 93
1720 8780 2431 8488 7023 5763 3001 8473 1220 6022 5390 285 2317 861 8143 4496
6052 5823 3315 9739 3412 7166 2666 3725 1598 4924 6101 3181 2387 4117 5802 1170 1606 4144 3985 4602 9631 4500 1070 3962 1861 2248 7847 7173 630 6323 4906
1127 9848 9498 8592 9007 5632 8737 1933 6790 3322 6130 6423 4627 8519 2940 1775 1302 8131 2358 1888 9038 7589 3272 974 7104 3603 3388 8242 3706 2632 3125 7622 2059 1533 1610 6081 5504 27 3760 2550 9831 475 4854 5826 7417 133 4889
2112 1669 5797 857 4502 3669 3853 5791 954 4188 5949 7733 2159 7811 2167 6605 3221 7771 8112 5911 6319 3743 1598 1458 2064 1158 9243 7396 2988 3073 6904 8162 4836 533 5712 358 8246 7012 1539 6346 6445 9407 8546
9505 4529 4630 3669 6494 7964 8193 7267 392 4539 353 7195 2241 3626 1998 5664 4794 3480 3133 8666 8592 6420 5650 3000 8853 3466 6825 55 6779 4225 934 9135 503
4439 4201 7272 4702 2193 4441 5171 2901 9612 8484 1207 9026 8571 6524 7803 7968 2506 8156 6943 3447 7871 6904 3769 6981 3513 1650 333 162 6289 5675 9691 6260 3547 5966 6343 4342 4419
2842 8442 6370 2557 4969 7574 8783 7308 4148 332 1486 7266 5826 6348 1881 4080 3290 4291 9555 8457 2584 8503 3197 8313 6854 3396 5373 3080 5136 4141 7395 5033 9242 1752 4060 9009 2289 8296
5555 557 3783 1425 411 9779 7716 648 8921 7955 7203 2411 9376 186 8253 1117 9354 1019 6246 9768 1251 2205 573 8681 4559 2519 453 4283 4317 4244 9333 6188 4409 529 7010 5330 8445 7589 9375 4544 1555 4951 3907 8466 4000 8950 3686 4392 6455
5120 141 1405 7207 5065 5478 1572 5107 173 6666 1820 4026 3504 771 56 5574 2418 8034 9436 9647 4177 3341 3192 80 2543 8064 1255 8640 4228 9815 7207 4398 8382 4354 5634 155 7711 9127 7508 3245 5440 5480 3934 1560 8078 2775 4723 7207 3138
9784 7562 5619 3691 458 1370 6424 1027 7302 4241 7142 3771 4287 9909 7618 8905 5348 4941 8892 2496 6797 6302 7436 6044 3777 2243 9375 6159 1203
2668 5860 1811 5408 1000 6554 9746 940 5422 1752 1540 3833 6396 8463 7141 4386 4583 2963 6986 6809 8597
731 3570 8739 2956 5425 3238 5266 5924 5697 2699 7374 2123 6211 1461 5122 4612 1162 8577 5099 7487 5649 3413 4828 7831 5445 8373 8891 6200 8608 1838 6076 4671 7219 3049
8031 7012 1673 1701 8174 5453 6607 3467 1898 6601 5453 6831 2754 247 7303 4707 3321 8208 2604 1817 8637 3883 7662 4934 7400 1029 1988 1874
4391 4254 2755 2829 1603 5112 4057 7233 8851 5505 8944 5579 917 3630 1051 3029 2285 305 2563 7479 1710 2286 8142 5578 2783 6572 547 5988
6440 7655 7612 3175 6679 7159 9716 1432 9468 2631 9753 4256 1252
842 3197 3922 7648 4 1025 9226 7267 177 4373 1559 1005 8607 8111 9948 4500 6858 5334 1441 8219 73 6812 3091 9802 7494 4794 3038 6957 3165
4566 1526 898 5814 3244 7943 6626 3758 9504 5397 6729 3797
9040 3000 598 7769 369 9409 8824 5077 5268 5012 4863 6466 2397 6812 3753 197 1498 3264 8464 3033 2297 5755 7256 2187 2828 7651 8418 5224 6576 4674 2031 4672 3330 3895 2954 7368
1505 6965 9364 2345 8233 6943 7421 1700 8915 5055 6906 3681 9375 4172 2925 2963 6351 4549 7832 618 1264 755 8806 895 9402 3695 8713 9667 9428 4321 5287 594 4626 6894 8879 355 5717 1494
8375 9766 9647 8127 6550 9006 4372 295 1607 1926 9713 5806 3021 68 3895 8556 4804 287 5743 7757 9403 7675 526 7162 2624 2020 3940 9569 9885 4372 623 7101 3664 1097 7570 9561 7314 8912 2703 5312
1365 5762 3681 8638 1206 4303 3762 3885 9034 9626 4543 7065 4894 8560 5152 6576 8938 1817 8353 6241 9175 6354 986 1071 9694 1434 3007 9507
4383 6550 4397 4234 4717 2482 3233 8446 5265 7513 420 4594 8272 6988 758 537 489 3283 9718 7047 5624 5083 8481 1776 9651 1198 9626 5833 9396
4025 3009 4317 5329 9986 22 8814 8324 8402 9428 741 6651 6326 8277 6286 9273 7832 5957 7173 5850 1174 3287 406 8255 647 1899 2105 4539 5784
6956 9728 3154 4212 7531 9031 2683 8363 941 7865 9575 5565 9668 1318 6201 7323 2401 2062 1821 1524
7290 7120 394 9335 5781 6842 8517 3924 9530 3051 1934 9685 1770 6042 1765 4071 7846 1629 9678 3816 7639 6967 3175 3226 3519 4985 7091 1956 6047 8355 753 4928 9312 5703 3761 3368 8022 505 8756 4262 4675 9591 6723
5881 1760 1760 6541 736 287 6247 8110 9874 5966 5771 6914 6966 4308 9081 2879 3020 3880 8071 2591 5813 6248 6373 5652 7805 8367 7665 8488 6174 8268 1945 5646 8705 5079 2765 3497 9805 8220 687 9165 615 7384 3948 3797
3206 9566 6426 702 9524 4502 8565 7564 9263 3715 4768 264 2309 1628 1930 3737 6124 9032 560 7631 5044 7513 9143 5860 5403 6651 7499 5316 6581 7156 2372 4346 9510 7116 4403 5556 8429 7625
4846 6718 2762 1319 3301 7075 3210 5799 5520 2098 3832 9660 7086 5141 1215 5576 153 2013 2700 6866 1122 3839 8923 8107 7617 4758 3270 9436 8162 9661 9760 5654 7105 1361 828 2637 4912 4064 1178 5458 6784 7838 8231 3344 1335 8674 9313 2225
3388 4478 628 95 6678 8827 1292 6650 8610 9049 8324 7909 2925 2540 8725 7304 395 8566 7115 6574 2423 8926 2472 9913 8732 2730
7130 3491 5910 8427 3058 1113 4421 7962 57 6182 6108
9461 8828 1304 8243 1729 9145 686 5755 6524 6765 7953 9831 1541 8655 1643 732 1400 7465 9605 4034 1959 1369 2882 2550 7028 5673 4982 9867 2491 9947 7005 780 6871 8292 637 7373 6457 5898 3365 6647 1952 1405 2312 6898 3996 3118 6093 9479 909 8861
758 6510 9571 8632 5815 6403 4028 8554 8138 7402 3185 1879 2608 4400 961 8059 422 7716 2766 9048 9219 4250 4137 694 5380 9871 2025 2839 5305 2165
922 6035 6481 3230 1896 8074 5053 6484 3643 9033 9682 9964 1274 2746 9095 3701 1031 4031 9495 2655 1146 5664 2157 1182 9500 6241 594 3227 6913 8496 3530 6633 3352 6752 1242 4569 2650 7478 9502 7586 4598 9782 5460 8475 4375
7357 316 4467 5372 2206 2488 430 5397 7697 6273 3326 4625 3129 8611 820 626 1763 4531 2761 5704 115 529 8576 4035 419 2087 2867 1293 2261 3832 293 6514 3171 4238 228 8508 1190 9111 4653 1118 4953 9258 312 6802 2351
4704 4501 9989 3622 733 670 5417 5354 5559 9816 60 5886 1943 4988 2768 8230 9369 1944 8432 6103 6898 7792 3732 9491
6905 6180 270 7289 5510 9216 5078 9580 2273 5593 51 2679 7497 8766 8070 3789 2583 3454 190 388 3968 362 7412 1927 210 7409 1926 471 6458 7078 4380 1954 4817 5410 8738 9591 6530 3699 1554 4511 3955 8058 9842 1752 559 4161 7134 6384 7086 5172
4100 205 9725 7265 3115 434 4148 2425 7930 4672 8736 8744 5971 3006 5696 6410 923 7101 1980 1080 5107
3164 653 5085 7649 8590 3134 3067 2942 3702 7521 9843 798 8212 6421 9623 1793 9301 6487 5051 6461 7161 8270 5469 5807
4 5475 8119 8230 2527 6593 4385 545 3254 9316 8476 9777 1332
2939 1863 3440 3296 2599 1237 8349 9405 4488 2259 2013 1971 268 7413 4903 1043 1083 5255 6357 5565 4704 3425 7183 1289 2737 6214 26 6249 2534 2219 3596 6458 6315 2184 6830 6282 1972 8454 5370 2736 9059 3213 8374 8111 7924
6549 3270 6311 9075 2264 6139 3464 5035 1297 536 8828 2617 9687 8760 4890 9150 6158 5764 7900 2753 4613 2 2651 4282 989 3962 4867 6600 476 7309 7520 2254 6985 5861
7038 377 2626 8372 3959 8349 5927 4238 7381 922 8340 4303 5637 4641 7871 2000 7042 5722 1275 6830 3521 9099 9981 241 5428 8471 6571 8983 4327 2966
7885 4481 6798 8351 9781 3871 9690 4402 5578 1331 3301 44 5416 4374 9753 3461 3885 3057 5484 7289 71 6408 6449
2228 93 6215 1914 8897 2180 9092 2233 2592 4737 7031 2069 9589 9876 2838 1587 5914 2247 5630 8546 741 2965 3398 9574 5032 3384 4561 3226 4957 8604 5086 9159 8821 2734 1624 7322 2438 3855 1986 6373 6358 8292 3367
1601 6971 9285 1635 4276 2425 3306 3331 9560 6416 1448 4033
5722 132 6915 5554 7007 2413 7097 5347 2809 4560 4010 4326 3086 330 6243 8148 8506 1715 3360 1369 4808 7792 4146 7239 1925 3656 2234 2072 3010 9766 2548 6775 2530 6051 8541 9247 45 1726
221 3595 5459 2649 4538 3195 8785 1995 2952 1332 3936 6255 7949 3563 4659 1418 6075 4469
5187 8473 7443 9815 9212 420 9378 1435 8641 3548 618 5726 826 4728
4507 9933 4539 251 9434 8918 1671 8816 7330 9582 3845 5282 8741 9317 8403 3584 1393 9830
3896 2918 8320 879 4270 651 8183 7865 2695 6053 7419
5939 7542 5038 8414 8368 506 1164 4999 3205 6103 9429 9987 7095 5098 9501 3347 9628 5300 9419 3205 5550 8994 8172 7307 4927 6401 6438 3500 7814 8216 2698
5817 7411 4714 4411 6372 9689 7757 5637 2317 9328 1116 7418 8402 533 3609 4861 4576 2557 9139 7849 8053 6487 9878 7551 6152 551 5032 3347 2556
6370 6815 1699 7043 4014 2294 2163 5533 2310 1315 8229 265 4935 6354 9125 398 8532 764 1979 7164 5382 1383 1893 9951 1206 5958 6329 9757 7324 6675 4531 6373 5665 1899 1652 3922 6398 7747 2606 754 9738 1370 7629
6634 7220 1142 5846 3913 4090 3469 6718 4933 8511 8846 6896 779 6658 5544 8331 7851 2930 3110 4512 1234 4940 7390 1513 7237 8694 8006 1894
1265 3835 6265 8550 3424 8370 4797 1451 2192 9945 8332 1322 9044 6785 7857 3487 8813 7248 6178 8894 3665 7806 6362 1940 2966 3914 6565 5771 9499 903 7854 8606 8685 2605 6363 2775 4303 9612 2745 2663 7861 5218 2073
5568 1118 6973 4159 5121 9868 8688 1671 2943 7177 7032 8150 4528 6968 1944 8782 1769 4575 8685 7152 5708 5014 8703 3445 1267 2476 2732 2786 6638 2437 8492 2978 9604 3108 2233
2441 6369 5036 3273 44 5914 4462 9308 7449 2738 5218 4368
4240 952 844 9797 1431 3835 7278 5764 6584 2831 7342 6286 247 5327 8594 3409 98 5668 3849 6912 13 1909 6453 1726 7028 8362 1579 6902 657 2873 6025 3159 544 8132 8407 120 2378 4246 497 4104 1767 9611 2628
9001 3732 3129 452 7800 4899 6951 1893 9377 3258 6713 6901 2377 6112 8900 2185 9290 5492 7771
1019 1989 8374 7956 1238 6645 5546 9308 26 3722 6269 7724 6336 2009 5218 8144 117 1118 453 3656 2636 6122 27 2244 9220 815 6780 6134 2714 8162 7023 993 3042 1205 5379 9667 4106 5701
6275 5319 1077 2353 8655 9005 3077 8382 4536 6990 9658 8620 3335 5210 211 4205 5215 9455 609 91 3003 8686 4398 1240 3487 2271 6725 4627 4526 8367 572 322 1426 1925 804 4127 6696 4937 430 595 3170 7268 8336
3604 1593 343 9407 434 8215 7642 722 6717 9227 8980 1055 9690 764 6428 3425 3795 8614 4009 4698 2003 9715 2156 3879 3384 4797 1027 3219 4440 7974 2153 2193 6059 4281 115
9518 2216 4735 9481 454 7817 7175 1323 9820 7933 1457 4363 5374 6610 5411 553 6306 1488 9166 8255 1757 4120 5350 198 7121 8243 1774 8648 189 7713 4357 3576 8518 3254 3126 7757 1062 7974 8099 1971 50 1192 9316 4400 2341 952 1207 9308
6519 8129 2136 3069 660 3973 6285 9540 540 2626 7956 2732 4984 8517 1578 169 7612 2370 5536 5506 8829 4287 2762 1980 7218 257 5605 2304 4361 3855 1037 4487 3929 6835 8038
8965 3764 1710 2686 487 7207 4494 612 4475 392 5996 3932 5235 1294 7664 2630 3245 4752 7947 2354 3396
6320 2744 6577 1169 7780 8416 4967 7607 7855 9587 9823 6751 4090 9004 8086 771 6978 4422 201 3700 9377 7377 6273
9500 566 4459 9526 2689 6755 1140 500 5843 297 1010 3739 3572
6649 6682 2850 7171 3212 9512 9851 5832 2279 8925 6405 9530 391 5035 7436 7839 4329 8864 9210 3884 8324 6176 4737 6224 3004 5105 6456 9318 747 1280 1184 2551 9731 4230 3339 8900 1349 1004 2391 2818 8353
8134 1418 3767 7116 3699 3957 6740 9478 8665 315 6001 5584 9797 849 1875
6286 3897 1768 3394 2269 9559 9433 3917 9509 3335 4968 8314 1719 5463 8564 1311 6534 2434 2664 421 3017 2247 6563 6807 6365 5351 4974 3046 7395 9672 4601 9515 688 2243 9071 8456 3835 7671 3812 1993
9136 1293 2955 1648 6885 847 1333 8774 134 1696 8280 2486 2631 8506 232 6548 6652 4219 9580 2435 2287 9599 2965 54 5187 4807 6116 2911 1842 6675 2920 7739 727 1861 1819 1885 8500 4821 9272 7875 7854 7255 6749 5069
6875 1278 4471 1450 1596 3426 7951 7672 1178 6409 2266 1610 5960 7486 7262 9381 4928 1004 879 4517 8747 5862 9919 2204 5659 8320 4803 3311
8074 1936 4560 8979 6013 4586 2032 6786 4960 1311 8102 9267 6331 6526 9835 2132 2238 3286 2922 6595 4788 2700 3223 8676 2362 5152 6374 7626 582 6303 7513 8873 7342 8629 7357 3796 2371 8718 6773 7097 6131 3749 8948 5688 2254 3775 3456 6635 3445 1281
3946 2380 5526 5977 1198 2350 5460 9103 7094 7322 8151 6224 1734 4090 7160 4163 5766 3813 6646 4494 3972 9598 7717 7541 2548 9071 5933 6820 4006 5943 8687
34 4690 5756 9490 4875 6084 5488 8528 9392 6727
2550 4222 4046 3476 944 1059 4841 5978 3753 8359 4657 2977 7067 8339 4964 1831 7533 8241 1410 3209 7539 2233 7472 7501 8338 7953 1259 6832 9276 1763 7214 8264 4039 2754 8717 6393 7106 3482 4689 7769 5166 5154 154 437 2263 1531
9623 5451 3365 5169 839 2154 8638 1514 6932 758 8689
1897 8309 6786 7446 1896 4108 9823 2153 8160 3032 8893 908 3570 3790
7465 9640 6526 8888 4652 4519 902 9148 4414 8267 8010 1750 5172 3558 5442 1332 9320 4225 7951 5978 7233 4915 4456 5575 1001 2954 6729 8939 4964 4669 4316 2338 8837 6185 7549 2741 6507 3547 7125 4448 5988 9328 9533 694 4169 9564 4248 9072
8037 7004 8828 7910 3394 3651 1071 8615 7188 1783 7304 156 3554 4291 5827 8349 9539 4058 9195 4020 3230 6562 4344 2883 5499 1231 519 6253 3107 5568
2600 3691 5146 8525 3168 5216 5815 3308 900 630 9143 3431 283 4835 3254 3189 8633 5990 9976
3707 4709 9082 5579 9114 5480 1753 4426 8103 8314 544 3860 7132 2599 4775 7358 7087 6385 5509 7031 4499 3552 1611 5626 1554 3526 5669 5688 2090 108 6679 4835 6687 599 6429 1378 1247 6914 3816 7155 7902 5123 5032 5258 8990 9563 3194 254 5466
118 4424 4778 8103 5397 1540 665 612 3018 5013 668 2984 9557 7115 6361 9083 3579 4427 1259 1122 3022 601 4176 9656 8618 7518 6381 3056 4031 2192 5454 3388 7273 1899 5356 3443 3314
8436 8527 313 467 21 6803 6448 2527 3747 5260 1818 5952 8755 1979 9652 7527
2979 6481 3971 6865 5298 6659 2423 1683 6233 1587 7769 963 6983 6410 2621 4858 9802 7331 7536 3792 1713 7295 659 3655 2606 5645 7689 9161 4024 9000 1599 5250 5408 4578 3863 2297 4224 21 6047 7757 5220
5740 2524 1791 8322 7056 6984 2349 1842 4383 4163 9996 5957 9847 6328 2327 6752 3276 1757 3793 15 4552 3621 519 4249 7866 6438 5807 300 9442 1396 7017 8677 7962 6089 7648 6746 1633
4129 6551 8052 2624 3169 25 1889 7172 5814 2382 5578 4883 4008 440 930 56 2940 6114 4396 8943 3921 1753
6203 1839 6385 4912 731 8325 7236 6675 1014 9177 1158 6465 1598 4209 6781 6925 2740 9064 816 243 4509 9281 9088 7145 8148 2390 9516 6643 4448
9432 3682 146 2210 6188 783 3464 9482 3673 8993 8361 8398 9682 6265 6754 3781 5254 2459 1676
7504 1104 4254 8609 1144 5471 4720 514 12 3135 121 3608 4520 5656 6198 8900 5243 6812 5945 280 6356 5720 8632 7263 41 6802 9691
5274 4996 2625 6374 1497 5932 9638 9867 5648 3924 3804 3074 8313 1781 1495 5414 8273 890 9693 1117 5023 9633 4912 7253 8392 538 8220 1084 9932 147 8710 2878 3676 7674 2697 7509 7690 2814 97 4281 3282 5273 4495
6505 6177 3055 1695 1161 5229 586 9843 6247 5147 9448 8969 7075 4413
1354 7968 9549 8389 4284 6735 4493 1066 1030 7984
5417 9148 5830 8914 9006 8778 6429 7285 170 6911 4595 9048 6621 6576 571 3442 7887 4781 1340 2621 3243 6774 4686 87 8749 1519 9041 6444 1287 2095 83 3947 8917 2680 5629 5382 3981 6752 7447 6084 802 3261
1147 2478 4531 3694 1922 3702 7932 6433 5182 9299 1860 9011 3886 8583 9684 9983 934 2239 8381 6706 8518 4486
7777 8455 5794 4098 7404 2984 2927 8949 2823 1535 6543 9766 3536 1994 9882 8129 7689 5102 6283 415 331 5833 1214 6502 2096 9659 6891 1828 2687 8657 7842 6301 135 3934 11 9518 7251 3718 4496 5654 4837 6956 2516 4124 7035 8477 3281
3005 1441 2457 4411 4931 4244 6863 7345 3931 2556 2211 2210 8703 5748 4714 4493 8936 1652 478 2950 1723 822 5838 9057 1018 9316 6804 5303 1131 3076 3427 6744 1252 7399 2518 4192 1597 6756 956 590 1155 1063 233 9319 6634 4734 6433
8238 5856 6375 5726 1909 9391 5956 8607 5577 4636 122 709 8024 5140 460 7122 2087 8283 6857 9493 7139 65 2892 3604 6783 4436 122 4373 8017 6346 7305 4979 8329
4551 1376 8734 4546 1902 2832 7370 5971 3399 1425 8105 5073 8512 7340 2495 5150 3997 7462 1422 4272 9472 421 7514 8779 861 4609 2953 4890 944 202 4005 8854 6609 6659 4026 3125 9403 6436 8268 3824 2906 8900 9119 8427
1049 9700 2136 3411 4152 5276 1843 6609 1423 1525 6759 1693 1628 502 4830 5520 9623 9992 5395 3977 1677 6584 4359 3441 8149 6867 3512 7250 4307 2643 4002 9934 3728 9157 1002 553 3761 288 3881 371 7393
4750 1104 5998 6707 778 7002 7125 7485 8672 2963 9686 3439 8307 8031 1333 2880 6860 8459 1081 4267 6211 7390 6006 7006 7527 4342 4630 9841 4540 707 8935 4415 2098 1611 7179 332 42
2124 7445 7453 4271 6071 9603 4779 3981 2244 5153 4466 8507 5619 8295 2106 3084 8909 1706 6092 6944 9078 2284 6250 8805 2148 5583 2980 5019 4998 1116 5702 1558 9 2119 3964 2752 9243 2544 5384 4376 2084 9153
6216 9309 3363 1936 2101 509 8663 7550 5810 8579 2238 9834 8925 5294 9812
4192 3161 370 1131 3256 1871 3691 9986 700 1850 6993 4761 6704 365 2638 5250 8157 5571 2873 7453 6121 3422 7743 3262 9941 69 948 4812 1918 5155 9751 7069 1133 6208 6734 902 6084 460 68 9325 4957 8804 5547 1803 7401 321 3371 3795 3286
963 8114 411 8568 4697 1612 6887 6838 9135 7828 7051 9385 1333 2612 9924 5078 4728 5046 2423 7925 1943 3239 2678 1996 9381
3383 1575 3889 485 9697 2874 5239 2754 3705 7336 6748 7476 8361 5422 7690 5505 5164 1307 2325 5741 2534 6530 9415 1279 5414 1593
7169 6069 2651 7147 8580 1109 3399 1091 5923 7038 9050 9333 8790 8623 1082 7140 8670 9683 7218 8226 2795 4317 3775
3 8768 5277 3822 647 7933 9822 9231 1962 1515 6344 7295 9361 8986 4976 514 5375 4949 9011 8292 7047 1785 2571 4817 1199 9843 1009 2068
8559 328 3394 4780 6172 8988 2879 8981 7176 9474 6641 5941 3873 5178 3372 7551 6962 7913 1423 9361 4842 4877 1266 9153 5897 8947 2925 6374 9706 96 2132 8915 9180 235 1880 6032 218 5667
906 9770 3656 9514 4438 8565 7604 8449 6791 6209 97 9442 6074 6092
4871 554 8894 7678 2145 5086 3885 2014 7883 5602 8568 4420 965 9020 237 8279 2335 5078 6610 6203 1346 2425 8505 2104 2731 7397 9827 3733 528 6303 7004 8112 9498 4845 6943 8380 7247 2312 4349 2406 1845 8534 3812 2757 8832 4156
5736 148 5744 2766 8772 9619 1738 7975 8669 4593
108 9857 2919 1588 691 9099 5066 2421 4125 3521 9875 9055 7234 3804 2842 8092 8312 5830 690 5600
9332 9750 9364 2045 3447 9376 3113 901 2030 7235 6317 2536 8832 4281 871 1082 9694 160 8277 6814 8350 4759 9085 7741 426 8127 9260 562 3982 8568 3535 5140 91 7960 320 268 1007 1646 7774 2366 5956 7701 2774 7076 6035 6408 2401 9067 6499
2611 5078 3359 2067 6816 2064 8990 7164 2012 8983 7618 98 963 5820 5 8879 1544 4170 3220 7265 1681 9387 180 5110 8629 5054 5742 98 7141 6301 8937 7069 7186 8996 2085 9929 8577 8810 7577 4276 4777 52 3068 1211 201 1216
2175 8804 3292 8407 2751 3991 6378 3192 5358 3813 1716 6793 6200 1921 3731 3421 900 176
235 6317 2113 6596 6230 6377 6568 2301 6160 1473 3867 4875 4283 1730
5871 8290 3372 880 1211 104 9087 7384 5024 4737 782 1025 2139 113 8764
7549 2248 2651 1185 9661 9072 8810 6284 6999 2734 497 3506 7993 4305 2699 843 6686 8004 4174 4681 1832 2564 3851 1028 6354 6427 4163 4022 6396 856 2862 2666 7595 3274 8447 2616 8242 4973 9751 1748 956 5724
6762 8094 6739 5874 2081 679 2382 6599 1741 8860 3312 920 6824 1328 8149 5796 4997 8292 5138 7874 5084 5065 3515 3362
3920 681 3538 7112 2477 6406 6626 247 9604 7665 9280 4218 3911 1286 8964 5359 8391 2999 422 6098 3379 5916 5114 2323 9253 6637 9084 1574 2481 3268 152 2213 9506
3293 1851 2031 5077 119 7082 4027 4487 7979 4353 790 9116 8152 1913 9181 9881 9389 3946
4455 5593 4328 9432 2346 8381 4033 216 6765 5904 8181 3898 8490 2661 7521 7698 3125 9244 3521 9493 5663 933 8976 9390 3183 4596 1931 965 1993 5484 1278 5155 2066 8898 5424 57
5982 3900 5594 8578 6111 6504 6329 6731 215 6837 4410 7294 8327 7085 1563 2683 922 5995 4924 3041 649 1764 5698 8563 8684 3784 9411 7850 7182 4276 8544 6913 8748 6028 5814
8480 5543 6847 3991 1862 1620 1687 7806 2570 6775 224 6243 5980 5604 4738 2988 8059 2645 731 9821 1806 1425 8624 4099 5362 4656 7159 5351 6285 3752 7902 616 3871 2274 5507 8094 733 5136 629 7374 919 6821 2299 4705 9254 8176 7489 7257 3592
779 8363 3323 3034 8728 6711 3346 962 915 8607 4192
5094 3334 3443 3848 2867 7303 2695 9270 4348 8675 3805 591 4724 7224 9748 8334 2328 3715 2220 2750 2345 5674 5811 4265 74 5141 3176 9102 3359 847 8172 7904 4663 554 7246 8499 5444
4024 4990 5038 8481 1672 7694 1025 2768 6412 3799 7910 5655 6461 5286 8836 8666 8250 1574 7649 4773 8843 3702 5597 2448 2436 6358 8805
6761 3366 6159 9358 2993 6809 569 6930 9317 3598 8768 8643 6932 8898 1349 9742 376 9509 6353 2207 2425 3135 5653 4278 5603 4406 8111 9516 9741 4771 6456 594 7380 7344 5141
435 8048 4111 4980 8837 7638 778 199 3319 8199 7510 4987 8228 9837 6861 3617 3814 669 4887 2570 9473 6033 9814 7703 3937 1028 48 6187 4908 8103 5433 5488 9957 4112
671 244 5999 8325 3037 2247 9826 140 3092 4970 3563 636 7124 2962 4813 7684 4782 4231 4275 9405 5518 2176 8814 3351 3157 7382 3570 6155 6920 6695 8285
2192 3529 5918 7379 1307 3146 1411 3075 4682 7596 7024 9327 5833
4397 7480 2237 9855 3671 5980 5799 2889 3681 4008 5781 1980 7822 2424 4175 5494 9176 3243 6594 9818 6960 3558 7588 9311 7331 9187 248 4759 9708 6730 7843 3858 462 3544 5292 3794 2954 1563 5065 4528 3638 9231 7442 6575 2497 9986
6619 5653 1096 7282 3462 7408 2994 3870 3794 863 3375 454 1320 7890 8941 3931 2185 8574 6815 4967 6862 7226 360 545 2663 5213 369 5058 754 3850 9852 89
3581 6703 705 4350 8431 6672 5209 4373 4528 6968 7514 4497 6723 1504 8664
5610 516 774 8999 6072 8190 8031 433 4075 2654 2789 9593 3837 1891 7571 7186 5520 7303 8276 2571 3192
9925 8149 6488 5371 7594 1398 2611 6468 51 1416 5932 3997 3207 8376 8103 9956 947 9521 3773 1914 8430
2407 6047 5949 9988 9186 3826 2195 4297 4227 2181 4980 347 1693 1182 2903 5425 2140 4390 378 5994 7692 1988 1534 4822 6264 5368 4547 5011 1765 9428 8364
1186 604 9703 3969 3575 4370 7446 462 5124 8234 1290 5275 5360 6038 8207 3747 8034 2248 9036 766 2457 2975 6155 7407 3147 2610 6031 3069 22 9539 5642 2208 9600 831 7350 7995 316 1079 2228 4789 3393 2273 9504
2207 5325 9525 5799 6438 4463 8228 7607 8083 6343 6049 4326 7963 8602 640 1320 9384 5845 7893 5059 9369 8319 3809 8790 2759 2821 411
2697 8154 968 7914 8571 7379 1439 4539 5516 3082 3857 4926 2654 1810 7889 2808 3214 9904 9380 7860 8761 875
5856 3609 4354 5773 4502 3978 2815 1856 2983 2643 8034 1719 2324 2098 9496 9745 3126 1194 5404 1704 740 1690 9966 9364 8823 80 5810 3377 4885 9671 7128 6933 4032 9470 6981 8148 9728 283
7964 5423 6658 5992 5446 3658 546 935 4413 4299 7932
282 124 24 9136 2715 6939 5824 7731 7099 4382 9125 8947 7688 997 9840 7476 8544 4601 9885 4231 7560 7077
8596 4284 2114 5010 6725 8545 7694 6504 8146 8011 5639 448 36 4506 2917 5889 7302 7764 8821 6084 4350 5629 2897 3225 2275 627
8017 5378 3138 8492 7697 2826 6876 5062 3825 8747 9213 2609 7038 3844 2494 7997
5013 5962 9512 6508 4397 8572 1038 5079 2295 3953 7095 457 752 7481 2338 1671 3827 9338 746 3215 5600 2302 4895 6909 2090 1445 5737 3346 2015 9803 946 9339 52 7780 2103 6233 3735
721 2237 4074 5535 4231 9806 5842 656 3746 3625 6321 8677 8194 3324 3618 7004 3676 2833 7121 8000 2340 8472 9071 7865 1899 4675 9503 8118 5266 5225 2069 5342 9808 810 458 9983 201 5043 6103 700 1018 120 6757 7520 6637 1605
7857 2483 209 8279 1994 7948 8808 261 4813 4924 770 5462 2801
819 8870 3041 1926 4346 4734 9875 4358 292 402 3378 1741 6218 4295 3017 7779 8888 4732 7372 3285 4454 7004 5368 1459 9832 1804 2173 8062 7697 7386 6329 6059 7045
1236 7462 1416 6247 3216 3874 613 2777 439 6762 2337 8977 3635 3145 4981 5140 3340 3419 9118 8446 4022 5918 4259 265 6199 8367 2843 3704 8217
7413 2568 1171 2795 6585 1120 6107 6476 2407 9542 550 913 7307 9112 4309 9521 7853 6997 887 8523 7587 7361 9721 6153 630 5132 5518 2683 5914 1264 3065 3520 1074
6563 8548 7448 6212 8570 5238 6792 3198 7443 5326 5814 7665 2679 6533 4866 6381 6530 4750 1170 7449 7108 9093 9162 9336 5586 4664 748 6602 7647
8216 8096 3720 6128 6260 606 2374 8830 6724 4363 8482 6055 4693 9428 9884 7730 8327 2065 410 1133 1341 2972 2100 1105 9203 1911 9140 1942 7399 5057 6756 6368 8845 518 2706 998 5486 9003 4919 7017 4227 9449 7654 1367 6484 2325 439
4459 1580 146 8998 6614 5410 2693 4795 8957 8276 609 4315 1762 2173 4743 7714 1727 4612 1770 3444 9540 6 5656 1529 4927 1050 402 159
3492 5940 247 8939 1945 3205 1802 5166 800 591 8156 7104 7378 66 2253 5770 2709 9382 4384 2527 467 6742 8951 5112 1057 1854 3932 5099
2057 8639 9000 7349 9720 2776 1994 4136 7204 9371
9985 4094 7027 1249 8822 3565 643 5476 4182 8174 5724 1218
2096 4011 3465 3499 2857 9116 7713 2674 7625 4391 4002 1504 5487 6439 6115 7477 6412 8595 6129 6410 4905 418 1152 3901 5542 9443
748 8118 1038 2120 1531 9426 1528 4787 2184 6335 2391 5883 4115 7674 2369 6681 9064 2031 1572 5697 3189 5613 4321 7447 7730 1289 2628 2452 229 2090 936 8843 3849 5810 188
1043 6873 4223 4521 5136 8667 5769 6344 8464 4700 6023 5454 2793 4240 5481
255 7272 5007 8628 312 9012 8044 1358 9671 1653 1523 8897 5493 9332 5905 3424 2970 9367 5837 4095 5819 1722 6463 4982 5681 1555 8620 3669 6371 7944 7092 7713 7934
6604 6236 3916 6388 241 825 4542 6396 1826 1822 1502 3750 9517 3080 108 2553 2186 8583 6937 5261 255 1344 6561 9319 1826 7659 699 2865 6820 6236 4571 6275 4161 8288 1238 6587 497 3840 1426 6882 9774 6830 6710 9237 985 2158 4118 8923
5909 6633 3199 685 7073 5631 3868 3822 1871 675 91 9837 2786 2606 7418 5263 3782 3239 7834 1579 9950 4883 614 1590 9707 2128 2685 8543 5071 1944 4113 2497 4452 7360 7821
9667 904 3211 6284 1071 5187 3302 22 5842 6869 4416 5659 8468 1908 2202 6245 8364 8543 4180 2483 6200 7520 1963 2433 7324 6153 1701 3637 8754 8380 7861 2009 9967 3069 9782 8836 8795 8266 3896 9432
3834 1895 4494 4013 3203 4602 8537 4618 5829 4856 4620 6059 5054 3075 2306 63 2730 3053 30 9443
6355 7847 6390 9205 6076 22 2981 4437 6649 2149 5506 2227 1455 6769
8064 7809 7762 4832 1201 1197 3650 4911 5832 8964 1745 8645 5985 1963 5196 4474 3790 6781 2017 4943 5386 8409 6795 1773 7597 4834 8033 5810 8866 5316 8226 6949 509 4005 452 5605 6252 6203 5381 9062 1991 790 5134
1491 1349 4271 7506 656 10000 666 7797 4709 4292 9887 257 1546 3054 984 2932
1494 465 6788 3685 3729 2921 1343 1995 6118 5956 8583 76 7705 7324 5175 7442 4583 8437 6257 7201 1248 5957 62 7358 8495 9649
2053 9540 9763 5734 7262 2789 9455 5626 1358 3062 2945 7982 3166 5660 6672 4553 6680 9621 517 2055 1647 9120 4271 9581 1943 6022 3014 774 4812 6913 6387 3211 3060 5278 2050 7952 8949 1512 6515 5232 3660 1701 9853 547 1762 1454 3760
6129 5943 7290 2534 3956 5653 6728 9570 5723 8760 622 5893 930 9230 8819 3620 3292 5969 347 3368 4564 6952
9300 2365 4632 271 4634 546 9890 5713 3386 7579 7157 7005 1201 3592 3907 1292 5217 5648 9451
1183 7810 3688 3217 7988 6177 1975 8364 3599 6304 8861 4637 18 8531 5493 8894 9121 8000 9054 6731 4171 2747 708 204 1762 5385 6409 4712
1959 5744 7545 2190 4580 7926 8150 8396 5583 1200 2414 3293
4681 6965 4603 4947 6577 2468 82 9265 3610 3723 4140 3938 1562 395 5461 3030 6913 5400 2414 9580 5923 9667 9418 261 4637 2642 4601 7282 1257 2504
2 2991 5332 4402 6270 4013 6385 5053 9136 5653 7092 7871 6383 4052 4887 2094 7309 1996 7717 2461 5404 6181 525 2645 8541 2298 4872 6752 7765 8858 512 453 1152
3180 6196 3172 3332 2342 5387 6466 8858 9669 5902 8598 1863 2773 1373 2396 2230 8992 805 7969 2100 637 661 39 2738 5758 8384 1745 5744
8566 9738 2379 9552 7283 774 5797 1648 764 4881 4073 6516 4785 2217 4900 2326 5620 5636 3093 2499 8707 3697 72 4680 4439 5156 587 9762 8446 8926 9042 1811 5327 2705
8463 7083 2955 5033 1197 238 4713 6878 2404 1500 8680 9338 4092 1981 6431 8278 2018 2334 6438 8158 448 8108 8183 4473 7766 92 1051 2823 1426
3541 5249 2656 89 8138 9772 5887 9535 3676 8864 4458 3283 9956 7546 8944 139 1828 692 365 9106 5318
5158 7672 2958 1883 9586 163 3027 6403 1829 8426 5218
3914 8851 3457 9474 9195 5884 7154 3458 8088 8595 8477 4364 5424 2641 5267 6040 2508 4359 3422 3138 9184 4114 9905 2717 1486 2876 8462 5698 8408 8315 9987 5263 5369 1658 8324 3604 3413 6864 9543 984 660 215 2812 4375 3136 6704 2930 6554
82 5001 3148 7605 929 8722 6383 8526 6577 9314 2266 3642 7515 6846 4921 2663 8507 1269 1229 7417 7334 6128 4844 5950 1518 7255 9404 6251 3356 7986 4859 819 4968 1545 6001 5473 6448 3529 9291
5382 6549 5122 2795 6771 6815 2932 1015 7300 1777 6830 7506 6830 2380 82 1771 1169 7061 630
9662 3789 8213 2402 9741 3687 290 1806 8731 1350 2674 2197 5601 144 4709 6267 9516 1181 5574 1425 9222 8961 3173 786 4771 644 11 4737 7041 1014 9574 927 2955
7082 6316 4200 9700 8571 1201 6387 5055 5513 8655 8101 2577 5169 6461 5589 7581 2376 5138 14 597 2585 1597 2168 2230
7288 9602 147 5834 6282 8302 9904 2138 31 1847 1658 4026 8168 2855 9426 7966 4822 2777 3907 5719 2493 9851 2957 5070 2627
3612 5417 4447 8202 8860 3786 4492 2729 3020 7202 4504 2026 9839 3209 1400 6329 5061 2642 2452 3988 7404 4872 4136 4965 7625 4225 5607 6761 7225 167 4819 9087 4817 2139 2526 9957 1485 1416 7067 5077 8091
7177 1070 5749 3335 3952 8484 6539 621 2891 2224 4928 1871 9568 3325 7305 9904 8916 3717 907 6285 5745 2332 7167 4309 3028 2961 2039 3048 1321 7588 3266 6365 4178 6012 1173 4094 1480 3865 6633 3332 3750 1803 5635
2720 4794 699 4610 9339 8781 8849 5600 3412 3928 9165 3304 1581 9096 711 5199 7770 5135 7943 8810 1996 2779 5219 805 6848 7287 4359 1439 9527 681
6406 3373 3409 4096 3148 589 8925 312 3624 4593 2958 8412 7865 1876 3579 216 4007 9541 1351 5556 1643 5598 7046 5612 9577 7807 9956 7894
7462 7835 4260 5281 8430 6878 8686 7567 358 458 4345 7099 2946 9002 9159 5826 7974 7875 9007 6959 6135 9590 4155 6481 2651 3127 3753 5675 5178 8196 879 3690 1691 9516 570 6378 3605 5539 6748 716 773 9460
4485 4654 468 8298 1300 5221 9957 9306 8060 772 9615 9808 217 9856 4417 8662 5356 3379 125 9425 508 4178 6191 8451 1499 5366 3963 7624 2776 6328 2332 7308 9816 6847 599 2472 4905 8745 795 5584 6244 1040 7327 8227
9795 4012 323 7090 9610 3823 7401 5090 9578 3540 6074 6672 4497 9900 9099 2624 4776 9660
6300 7318 3962 1841 6595 8346 3873 83 9976 9421 9931 471 9674 9343 5830 8073 9434 6148 674 9901 2723 6069 5369 210 6835 1020 4595 3573 6062 8798 145 4688 3678 2297 8294 5851 4505 1343 4629 8963 4306 2698
1646 1368 4907 7426 6214 6234 6862 2469 401 470 5206 9661 5174 6962 6559 3526 6516 7721 748 4013 8362 5820 8846 3946 9611 2934 5672 6105 8491 9264 6874 6534 9170 3597 4258 8130 4518 4059 9151
7802 9025 4409 2632 6706 1014 8904 9366 2233 5771 8472 4732 6841 3141 103 186 1536 9015 8064 5066 4238 1082
738 8850 2609 3151 9581 2604 4383 3049 6407 1968 7254 6136 3944 8799 8272 9030
8881 6460 2581 3295 1347 8949 4711 4338 3756 5731 9648 7190 6387 3074 7071 3336 7535 2540 6944 898
6911 9129 5009 8421 5420 397 9206 4918 8040 5983 5307 7288 5663 4083
7550 6161 9727 4396 3322 766 482 416 9823 4075 2706 6230 5056 8252 6171 8965 1849 469 2817 8522 6122 4046 9665 2293 8958 9557 870 5945 3021 2252 6800 46 6435 9539 864 9732 918 6494 1379 1611 3153 5169 1346 4419 6700
181 1173 835 5552 4898 9454 8718 7499 6167 9694 7541 5931 844 7155 8827 2370
9002 9830 1686 1586 7005 7182 6866 7034 5378 9234 986 971 4178 2630 6853 4559 5705 8504
9678 8048 4521 5607 6173 2330 5017 9292 714 9234 3880 2588 7054 9063 7109 2813 6060 2108 2056 8651 8046 4641 6069 2318 7310 2046 1455 8047 7541 2989 1626 7869 2128 1731 9966 6560 4442 8366 4503 7958 8741 264 2562
9139 9158 3697 235 8462 3969 6925 2207 1948 5865 529 4914 581
8916 4745 249 7596 5096 2652 91 3776 879 9748 3467 5026
272 2924 452 6724 867 7704 3403 6973 3176 7682 1800 2030 8046 990 234 5367 3748 9019 1590 8681 1818 8947 8420 7168 800 1637 6118 5616 463 3624 1350 9520 9988
5456 6939 2476 7252 5575 9615 1082 8236 5555 2084 7713 6197 822 6802 5938 9723 4023 4838 8774 5488 8758 6583 2970 102 4721 1294 9304 2691 1415 1655 5044 5920 7727 2852 6251 4963 2357 7536 7676 2450 5394 3840 9230 8895 9159 1208 3555 5887
2663 462 4443 5883 2573 788 5021 1406 4887 8904 5715 142 3424 2237 9564 3131 8395 5420 6856 3467 2538 2553 7361 711 3300 3368 9330 500 5706 4995 4617 3377 5383 1089 695 5178 3063
827 3849 4559 8074 9330 3657 3479 9191 6989 1854 6081 3320 5008 8809 7164 366 958 9153 5410 1745 9720 9820 4673 5542
4039 3257 5308 6611 8043 7115 1742 9290 1641 73 5756 4634
3782 2825 8869 2399 7933 3819 3952 7002 7862 8142
1965 5871 8320 5385 5903 6631 7673 130 4694 2585 9906 3078 9119 5720 9636 4997 1315 6418 6435 8166 2342 1462 7446 6860 1574 1165 222 7716 8740 4279
7481 6105 9573 6473 7316 2947 9985 8362 5325 3059 7999 9621 4786 178 3053 4646 3760 5785 6430 1883 9086 7689 9943 2670 113 8792 6825 1129 3320 4704 4559 4199
8878 3163 2558 5939 9398 866 2493 3605 1875 4579 4996 5305 1493 743 4237 7860 6325 8789 5976 3893 668
9589 5819 4748 7477 9965 4493 227 7228 8119 8939 63 187 7553 536 4120 9061 960 3387 2600 7605 4174 8338 8335 888 6614 7196 3834 7735 2290 100 29 6510 8574 4800 9860 308 3396 3960 2657 4079
6471 892 7826 2881 8419 3214 7751 3041 8371 7336 4869 1759 1403 1057 4413 1192 2417 2580
7628 3271 4285 1333 1661 3690 9299 333 3773 5949 8974 3721 5914 6712 3128 5941 8088 5231 8285 8992 8181 7063 3715 8543 7349 7307 2862 2280 9626 4403 5374 1448 8852 632 8591 7062 207
4239 9051 4756 2631 474 9029 5348 2427 9591 5522 8095 2088 9500 5560 5037 3216 2007 1900 1258 21 9051 6487 3793 8055 1799 2074 4716 7942 7777 1072 9118 9388 6155 3241
8345 6224 1014 611 5490 3808 7955 6809 6887 5465 3152 9102 5343 9036 5744 2486 2044 7145 7622 3284 8333 4160 42 6668 3150 1373 2287 3462 7981 2357 2292 4613 1300 1048 7704 8748 4823 7987 2329 8904 790
7854 7122 5659 8537 38 6556 3434 7140 1875 4667 8094 330 3780 5913 1565 3148 624 346 1981 7470 983 8781 4273 4950 2445 2310 7066 3915 6399 8467 4068 118 9376 5112 7681 6618 9761 7458 6072 9987
9429 2962 251 5865 6195 9063 8374 8565 7345 6587 7341 793 5622 124 5947 4740 2735 5239 5611 4792 4779 8996 1333 243 7738 9255 6511 6187 9868 6073 4939 5725 8549 8732 9408 527 1921 1855 471 8595 3266 2584
5003 6873 4663 9103 592 9501 2001 8405 5855 305 3565 4698 2657 6901 2071 8328 8324 9458 6649 5405 2375 3636 6559 9338 5612 6369 239 7693 1999 6007 1413
80 9922 7456 6452 2120 8815 6207 8563 3018 2821 1125 9567 8309 1227 8735 1034 2506 1777 2725 3299 7740 2684 2073 1184
8670 4361 7333 8997 5241 8919 7536 5139 5258 1263 6698 7544 7854 4386 6523 7811 7725 3103 5311 4643 946 6895 4032
6008 8075 3607 8545 940 3017 7254 4849 6294 8406 7981 4721 6838 3071 32 5230 6129 8061 9777 5842
1177 2888 4720 9282 323 5141 7064 6092 4373 7179 4427 6892 80 7969
3988 7866 3152 8510 3285 3303 2257 5609 2526 6313 5155 6983 2706 1870 7740 1842 4488 2570 953 7045 4436 8353 1100 1297 7854 9917 2751 1427 2717 5411 5665 3483 3632 4867 2225 9590 7026 9119 4592 7641 3336
1212 6169 2756 9604 625 5557 7879 9153 5961 7256 943 8062 3397 9743 329 277 4930 1577 2408 6665 3967 9593 7144 2358 5674 2312
3359 5384 3292 7602 6239 8558 2367 103 6730 1271 3938
6616 8977 8667 568 6682 3479 6025 7150 4994 3236 6976 1065 2185 8953 4928 2282 8558 4408 2514 779 5321 4434 110 8985 7809
5605 971 325 1328 3207 6469 2258 6337 9649 649 3872 149 8244 2964 8305 9147 9427 8694 5060 1638 248 7761 8209 7183 6287 2467 3272 6459 39 9774 8295 6843 2741 9137 9330 9336 775 5121 3207 7456 6723 2179 3243 8540
2179 5925 4965 5438 4041 8421 8412 134 2363 8542 1347 1632 1827 1683 6755 8799 11 3267 1624 9119 6344 7512 3337 2442 3951 8334 4499 8621 3557 7525 9868 1424 7344 594 7278
273 9502 3662 1828 2959 4253 4706 5610 375 3224 8799 9741
5484 4316 1819 4077 4548 6898 1943 893 1813 8012 1062 8092 7760 1845 4387 5662 9178 9355 2835 9714 3229 4324 5937 5408 9175
6989 6618 7198 5067 5066 4543 332 4890 378 7776 1530 8800 5329 4296 5854 6033 4781 8316 1614 452 7735 6358 4930 9474 4765 2109
7908 7246 4379 8349 5969 1788 4516 4433 9394 2144 122 5541 1369 8546 4632 4010 6509 2976 5741 4330 2718 1270 3817 977 702 6002 8052 8196 3086 86 5891 8745 1984 8394 9390 4191 2069
4309 504 2041 7909 1330 1973 5599 2357 3153 1906 7648 4371 9155 4467 6510 3937 4554 5573 1290 3412 3794 5990 4618 4931 1118 6132 6454 9688 7893 8244 4335 9271 5902 6903 8283 7391 5220 4656 568 3982
295 3868 6116 9116 5331 1289 301 6896 7223 827 8988 3577 5899 5508 5876 8391 1548 6783 9460 8781 9462 8114 1071 3717 4646 2057 6862 3393 4168 8324 6203 2954 9386
8857 5273 9339 9803 3066 6504 6426 4276 9426 3400 3744 7848 4878
1096 1018 2802 5321 2043 9102 9254 1999 8745 2960 9624 5194 5842 3670 9824
5604 707 4353 9798 6315 2511 9531 9799 8700 2683 6664 1912 1703 8027
2329 5654 9681 589 1182 311 3238 855 8110 5308 2310 3615 7566 5101 5149 8171 6595 4378 934 4451
290 371 3449 6058 3949 9362 3650 5586 8352 3138 9949 9270 9805 3150 5098 8479 5727 9091 9841 1772 4968 3678 6908 9303 8844 2005 2663 4096 8415 5088 3727 5355 5714 5528 4462 872 4889 8779 1994 9029 3682 2788 3725 5301
8485 4072 8218 6861 4637 5585 1967 2919 5069 7048
5855 357 8899 9641 8436 6920 2926 5241 1214 632 8247 340 7388 7138 982 4569 4269 4392
7926 4204 7081 9432 3655 9462 5434 9548 9120 2022 9857 7188 8721 9340 342 8640 1384 5560 9291 2272 3557 7951 807
7386 2720 1846 8994 9266 4728 6842 1988 308 8257 645 4610 1930 1077 177 9232 8897 1249 4105 9097 3706 7872 5282 5124
9930 9167 7835 7669 3544 8138 8389 490 7873 8572 7878 642 2153 5399 8798 9914 7414 4146 5034 9219 1610 6157 7020 4848 9521 1927 7712 3709 8854 7183 6557 8068 5127 9074 7297
3631 1905 4561 9570 2769 7344 9167 8155 6292 7366 6514 4253 1458 1676 4111 1477 865 4101 1802 2057 6809 3235 3967 7140 3809 1956 1029 764 5995 4079 41
7195 9455 7037 8137 3496 8895 9643 8955 9019 6296 7743 752
8613 3514 2680 5031 1234 123 4230 5568 453 72
6552 1976 9716 1412 7320 4004 404 2122 2248 9492 3593 8992 508 6037 126 5113 1264 8223 4909 6642 5800 609 8533 102 3976 1645 2373 2750 5699 7081 7311 7915 9246 9133 8694 3727 6645 9620 8323 5511 2653 3837 3386 396 9225 6098 5883 2021 9322
4236 4751 2579 7499 4802 9492 7997 811 3204 1167 2224 8923 7248 8316 3336 5108 6552 904 9072 302 299 1446 4249 6094 7614 4408 453 7913 3719 6590 5839 6704 6369 8069 6383 6010 6510 4506 6186 5930 5045
6248 6209 8829 1292 2172 2858 8806 113 6071 8603 6126 554
665 4170 3428 3146 7002 2692 4858 4381 1972 5943 1412 4140 9073 6449 2670 1915 1953 1896 2187 4581 9635 2703 3899
7757 2827 9669 2885 1260 6088 1358 6964 250 1568 7221 4094 8405 4183 7422
3250 4953 4269 3395 4196 2890 8897 2545 4877 3782 9769 3669 5844 3756 2032 6599 5310 9478 1959 917 9232 1780 5929 6819 3170 9611 916 2424 9853 9141 740 7743 7533 6780 5196 6231 3544 6063 1810 8519 6508 2080 1066 8454 5682 5644 918 4218 7301 145
5866 3591 6475 2817 2460 7587 1065 5716 5396 2925 3673 9542 547 9937 1656 8965 5101 2987 6511 2962 5811 3173 7290 740 6613 1071 4849 1140 8203 7472 1993 9404 7159
6659 9285 4713 9173 3071 985 1829 8505 3441 6768 8731 3339 1760 6449 6569 4724 8773 512 5520 1663 8942 990 2177 6318 1260 4340 9626 218 5165 5339 4226 6725 4709 464 7301 548 3553 4754 4760 6768 3860 6946 6814 8047 7572 2274
1679 2119 442 3894 3625 2135 7629 5027 5354 4246 4863 5149 4381 9307 5790 329 8453 4079 2896 2411 8385 4971 2883 9244 7672
1231 1196 3358 3282 2225 9102 2869 1611 4108 4350 5725 6748 9791 5856 6540 8495 240 9844 1471 1219 9090 5228 9952 8322 150 4383 6102 8272 2091 413 3049 2228 6617 1237 1665 8804 6998 4590 8998 2781 5646 1898 8940 7495 8561 341 9003 2551
3974 8421 3720 7546 6244 3770 3764 2788 5433 5763 4023 2386 3107 3392 4005 4191 879 9795 2339 708 8158 7858 2218 9214 7412 9857 9364 661 2101 3374 7293 6023 1183 8668 7010 4389 3011 293 2815 2662 8910 4127 3611 9022 2931 8753 8617 284
6453 456 3525 1095 4551 542 9839 5248 2285 940 6554 2849 2901 6301 2225 4893 1134 2371 2279 3739 3464 6141 7223 8470 5081 497 4944 8576 4586 1294 4662 7967 6526 8714 9305 1362 3744 1613 8379
2094 5050 4804 2734 4613 384 6482 9632 7995 1143 3760 5141 1907 170 3699 2895 327 3540 9349 5890 4052 9441 2671 6422 1688 8448 3696 6852 4697 433 515 7578 8942 4793 6167 9549 1747
8771 5434 4047 5329 5123 4171 7799 5071 832 5366 9848 5550 8777 7729 8131 1443 4524 9503 9524 3719 1380 4474 2272 1070 7812 4825 256 3977 9745
9420 7043 1183 9133 4215 2660 4439 8325 2660 1820 419 1181 1230 1645 8486 3807
6615 9830 1436 2868 5628 6392 2341 8310 6415 2217 5271 9850 611 4413 2528
5728 8711 1630 1678 1645 4704 1109 3795 3852 4706 2462 9410 280 1655 8920 5140 9009 2126 1899 221 1366 3749 1892 872 5113 5149 5258
6573 3107 8052 1302 5826 6080 1147 242 7769 4066 1004 9839 1179 8213 4461 5124 2733 8012 7770 9401 1575 8547 1763 3720 3654 7191 5495 1166 9044 8797 2649 2636 6358 1158 8838
5476 7954 8727 8462 9508 6682 6857 5017 6178 3327 2843 8609 1295 8862 6120 7177 9561 1424 3629 8032 9818 4205 7956 7403 7316 4272
6921 6072 892 2214 7388 9236 2407 6107 4719 2610 1125 4928 3102 6225 1022 1660 8844 5665 752 2217 5107 3603 5447 79 5617
5104 1839 6830 8588 9576 9587 8449 9086 5248 928 9737 2109 1114
5391 2774 8403 3827 2203 3893 9176 8940 7930 9041 3770 8768 6898 7986 6258 6945 8415 592 1258 3731 898 3148 4317 9879 7981 6090 9147 523 4349 1849 3768 8479 4589 7048 1077 6295 7949 4783 4929 6372 52 6842
5501 6462 2246 9325 4196 1394 4170 7183 1378 6705 2951 7292 4878 9749 498 4480 8658 3933 5476 8312 6237 701 7602 2458 1237 3392 5494 8947 2036 5740 5088 8178 3103 1590 5845
803 6640 5761 1466 2238 4309 5884 3293 9905 3638 3153 9083 4849 8331 8730 2475 7978 2908 4064 6472 9241 5449 5885 7260 4497 1104 1120 7201 8532 6253
3217 5531 715 2806 5607 7070 7449 3450 509 3884 1446 8003 16 5781 4581 3095 1431 2192 8284 669 2783 5939 8272 1570 8466 36 50 6099 5158 6547 6490 4554 6336
9514 9339 1042 4235 4808 4521 3206 7990 5578 5005 1030 8176 3243 9550 7786 1277 3149 548 7896 2968 9297 8371 8674 9089 2891 3725 5385 160 9456 4784 4970 8317 3928 3934 1931 5143 503 5685 4707
2572 4660 1397 5187 8640 7618 2135 3301 1514 9032 5801 7246 4161 2687 2076 5235 7765 1254 5414 5796 9903 2060 5856 2898 6400 4467 7815 3299 9722 5342 6201 7933 873
8632 2582 6481 7580 396 2219 5131 4025 8256 5178 2238 8443
896 3567 4186 426 2435 6235 3667 8996 1737 7951 7402 9003 1176 5919 314 4866 2828 7400 755 2355 4494 4470 2802 7220 8092 3697 5673 9183 2366 8786 8593 6436 8476 6321 5224 3101 1458 2032 5450 3703 6172 1055 9553 3801 5625 9168 6674
2162 8627 5 7937 9873 231 750 5744 613 465 374 9437 1738 6658 6943 4467 2339 2609 1173 2748 5783 9073 4512 7445 7597 9255 7479 7574 4920 5892 4990 6253 8248 4407 3795 9744 2647 3799 7089 4225 3572 7351 6661 6669 6419 2648 5501
9641 8880 2896 646 7779 9431 78 3963 1093 8563 8602 8906 9786 6360 7026 2004 9195 9965 3091 5227 6644 5444 9853 1464 3554 8019 515 7751 9591
4782 8378 1709 6778 7791 8361 8069 6946 2857 8697 7665 4839 2679 1299 4058 679 2888 4458
3642 2363 3118 5947 1610 2928 891 8273 6261 4621 4409 560 8052 5506 6818 9050 3715 334 3227 6295 7767 3571 764 7342 2474 1468 7588 5069 4367 2821 1500 1894 2574 3461 679 7390 1155 8640
4013 3638 7129 6631 442 2234 4156 447 4179 2523 8541 1388 7348 3402 2466 44 7819 8216 1781 1586 9821 6514 8805 5992 9282 1830 9839 371 1993 6626 3264 1173 208 8048 8579 7053 90 1832 256 6025 8211
6328 2732 5860 2038 9360 1028 4356 4955 22 5454 9512 9181 7228 4060 5275 362 4834 5535 6109 9179 8216 3863 6946 7687 6423 9249 3542 217 3953 2615 8140 4201 5693 9692 3775 8985 7091
1456 690 4716 9869 75 747 7950 8748 4549 1926 3974 2420 1957 2394 24 2064 7855 9658 3782 7531 8165 1709 8212 6373 2999 1996 1829 5571 164 8239 1061 700 1345 1780 4788 1449 5470 5560 7731 5205 2257 9843 4195 7132 4419 5004 6946 408 9849
8190 8165 5782 6272 7592 1337 3928 2032 3672 5383 4739 514 6427 1188 8208 3233 684 288 7337 4623 3263 2174 1462 7798 6395 5922 8933 8561 1562 5981 6696 875 538 6297 7436 5189
571 1390 9391 266 5934 1315 9383 898 393 4210 9892 5627 6114 8815 9246 2385 1054 8105 7045 8685 7428 3648 1435 628 57 696 1136 7717
6512 3165 2284 4832 8021 4980 2566 6482 5357 6520 1135 1969 9577 7230 3663 9353 9598 4418 5695 610 8735 8817 6183 9106 3380 5999 8248 446 4046
8323 5423 6273 7948 9937 4344 6711 5613 2184 8881 2007 2988 8858 2570 200 2558 2819 230 5124 1214 8461 5804 2257 5705 4015 8942 749 8322
3374 8815 2377 9287 5346 7615 2375 2018 7682 2083 7094 5997 3004 3456 4009 8776 9353 6423 9914 2527 476 5904 5703 8480 7653 793 9328 1450
7865 9217 4624 2210 6333 5151 7357 659 2737 9779 5111 9188 6367 38 217 4695 5222 5363 1637 4069 250 4524 9493 341 4211 1306 5927 6692 482 5763 8125 340
4117 7745 7205 606 2759 2821 7400 2074 633 7947 6352 3292 589 4562 6136 7741 3329 5828 3707 2972 6276 8672 5221 7089 9589 8983 8580 172 8664 6200 9250 1678 2188 358 431 3779 3209 5228 1771 3544
5747 4871 6394 405 2579 1429 5561 3350 9421 4498 3236 1340 7451 3793 3201 9334 6200 6708 3970 1468 7922 4011 6356 2146 4090 6363 3066 8993 3727 6372 6687 5888 7435 7918 3512 9312
2540 7763 6731 1364 8873 7380 1794 5680 548 7221
5743 5263 8720 4630 7691 1054 8074 1771 5936 6867 5180 6278 1373 7253 6983 9772 109 3879 8362 3578 818 714 6783 3849 1504 4477 7940 9068 909 6696 5226 8590 6553
2876 9508 6450 8601 7382 5867 6578 5145 3213 9207 9148 6991 8228 2724 3035 621 5615 5773 789 7256 9212 1548 3439 9715 7764 1916 7362 2308 727 1502 9585 2613 1878 1045 3584 4046 9638 3392 6547 6638
1027 1206 1482 9123 3833 1155 9145 7660 181 3816 7062 774 132 5016 1266 5966 2049 2766 4810 5768 2067 1542 7067 5991 8984 3687 2066 7597 8361 7484 3556 8470 4267 3236 6841 33 3921 728 5673 729 2004 5034
9945 7472 5678 2276 9483 9061 7686 2960 1258 8804 5616 905 4821 8873 4658 8634 7183 3477 6830 9129 5087 5671 2461 3082 3646 774 1848 5680 538 1888 978 2831 9008 2955 603 6919 5071 8219 5024 776 6251 7133 1805 9857 3744 5383
2822 7279 2159 2625 9644 7728 7183 4769 9794 3984 8825 4227 7210 8630 8886 6995 4808 2292 3272 5664 2241 5269 3254 7332 2781 3644 1919 1415 1071 3399 6976 2183 6572 7282 2555 3313 5901 3947 6444 6079 8607 5695 5446 7820 2886 3335 2147 1125 3691
5176 3026 9522 4786 503 8192 3404 2725 6950 4670 3659 1002 3568 4570 8582 4609 3260 7599 4460 4163 6944 6361 6062 8739 2705 9118 3163 5507 7767
6051 1129 4624 3399 4548 508 3767 1733 9903 5301
2042 9245 937 6251 9048 759 1038 264 2712 9025 166 1694 9630 3431 3202 5708 2923 4364 6523 4359 954 3154 7183 8541 3714 2120 2705 7732 1762 2974 2721 3553 9494
2049 7575 7728 3992 7318 4449 860 1661 1817 861 6210 4070 4465 7386 6249 553 694 7114 3073 453 8838 9858 257 8950 33 7639 3376 391 9321 2630 436 79 9620 9704 7346 9503 8968 2967 5863 5583 1660 8729 9682 2998 8235 8795 3295 6212
1107 2331 8143 7191 989 5707 9261 4992 4005 1224 7828 9067 1602 2739
1736 2958 4424 9570 5956 35 7271 5389 9877 4822 1928 8040 497 7304
9619 7422 4093 5192 6253 5383 6813 3999 7378 9075 4110 6090 1436 465 331 9556 1105 4144 8773 3858 9391 6019 3316
8590 9425 2233 9779 9541 7332 6526 1029 4921 3701 9776 1274 3146 4966 2892 4792 1404 5623 8820 3100 1588 307 6266 9800 3115 7134 9250 8648 9697 2764 1920
3151 852 4300 9629 1671 1884 5444 9449 1465 4433 9936 5515 6098 3313
9606 439 5907 5774 2628 961 1794 8812 2574 5834 1132 1367 7325 7921 5409 9242 830 4935 6025 6098 3967
5887 8805 1413 587 1860 4855 3007 6300 2682 4598 1981 2202 1946 3081 5583 6086 4190 5868 4784 5553 2887 9948 504 7303 8766 4830 287 3140 4034 8997 1949 2595 9543 9089 7675 1979 2301 8351 4073 3127
219 4151 1997 9865 760 4892 2944 6491 1397 8650 7060 2472 3045 2985 4 8753 4484 1080 9880 4730 4760 7354 4467 6635 9813 5466 9954 7026 6846 2285 4505 4889 3192 9836 4965
6133 3769 6852 540 278 2655 146 6038 6578 3482 9673 4910 1890 4075 3474 1570 7283 6925 6154 9943 9043 435 7099 254 5990 7405 2586 7283 6501 1300 7877 1572 2875 7862 3701 7457 2475 2125 6295 8365 3113 4250 6558 5941 2022 8313 3035 7502 8925 265
3341 9267 4892 6994 114 8894 4690 7478 3101 9244 6068 6791 4786 7898 2345 3748 4735 7890 6286 2101 9890 3420 8746 5773 7146 8038 1443 1094 4064 3229 216 8800 5329 8879 497 2273 8435 865 2833
8164 4371 2180 6949 8081 5314 7907 3362 9174 1034 3698 2263 7077 7891
6292 5556 5084 1712 7121 8496 5487 6354 8866 2837 9809 1524 6527 2656 4748 611 4966 7931 3234 736 9877 5476 4143 38 2290 2624 908 7600 5208 9033 5225 3363 9417 9118 6011 9561 9115 4037 690 5683 957 1658 6271
4312 5310 4663 3830 978 79 8208 1235 4248 8941 8411 8332 929 2338 8299
5717 6502 5806 1397 626 6365 2073 7642 3078 749 8745 7211 1456 7048 686 8475 6209 6643 5950 4331 9784 4395 7258 2530 669 1709 8001
3646 5014 4151 8987 8050 4137 4195 7829 4723 1153 6051 9386 6931 9831 7457 7410 7329 4494 344 4429 2496 1509 3564 1907 4670 481 1754 6682 6454 9999 7953 3162 1802 7437 6321 9952 6033 3798 4054 9405 9125 9950
74 6078 2311 6776 2854 3802 5160 5320 9871 7447 4186 5320 3171 8400 4149 4035 3548 7004 2735 1058 8795 9741
7177 786 4129 3445 3023 4987 9101 4036 6770 3750 4944 2395 3708 446 2412 2719 9363 9865 3031 9007 2733 5541 4203 2517 2495 7278 6562 3638 9090 292 7445 8319 5240 1853 5540 8102 4757
951 3513 4741 5186 8093 7916 7633 6551 5798 6739 310 1088 9284 5082
9812 9580 4783 3671 5974 8878 218 6034 8162 9527 122 4191 7401 1283 7028 4769 6613 7502 1105 3824 9357 6693 7718 9756 9827 2655 3063 1570 8546 8796 8491 5375 1633 900
4201 9307 7368 207 3402 1952 6924 352 1330 9563 3785 9054 9153 8926 6275 6313 7850 2859 5059 9181 715 6444
251 228 3617 7748 2938 3330 9132 5750 2572 6049 2810 56 5694 585 5079 6087 2345 5337 3091 578 3039 5212 6779 8254 9237 3580 4325 8023 6981 2564 86 493 5763 3319 1577 5216 6839 5881 6275 3748 21 8963 2610 141 6803 1163 7417 9591 7708
4494 7810 5917 7137 6434 7301 4783 3931 9552 286 1027 5622 505 4223 8821 1660 746 2084 6882 9108 4227 1509 7907 7520 1022 5470 61 3190 1428 7532 1209 2392 5042 35 4979 8439
2318 8609 8443 3929 3050 246 9501 4400 1252 766 3714 1808 5092 7709 7817 2921 5605 7437 2344 2137 7311 8586 3329 9512 5588 3139 5221 849 7452 3116 9975 6048 5884
3521 7430 3750 4293 8882 2917 220 1363 6473 3896 560 6309 4200 2053 718 7086 6730 368 3792 4632 8718 736 7102
2332 4412 6378 9960 5242 8992 9614 5640 830 2352 4848 1130 8617 5338 425 5466 8519 164 362 252 4092 4089 9624 4635 9160 4479 7715 4918 3975 372 5758 1039 1561 219 2622 36 177 5858 7997 6896 9804
8453 2507 3171 5794 7850 1428 5888 3899 3016 1551 9189 9211 9241 9245
2310 7981 3721 8729 5837 9130 2363 7285 2671 9887 4306 3455 8508 9282
588 9534 1970 8313 4583 5033 1703 7841 6014 7946 8255 8640 4281 4005 4250 2972 2787 9941 1136 7858 59 8236 3891 6392 7470 2367 2698 1805 8039 8687 5347 9713 5678 1191 2810 4644
5485 4978 3835 9996 5616 1843 4055 4150 812 1147
1624 4829 7362 6567 2794 7603 6182 2666 1145 3145 4920 7599 5522 7846 6634 3251 3035 3976 1460 5098 2606 1653 8454 5289 8131 5926 8397 9544 9513 106 1360 4533 515 1891 3167 6357 1680 4913 2571 5109 4726 3702 1645 929 8969 9913 7586
4317 9367 1475 7630 9709 5142 6131 4731 7735 9900 1194 6385 1463 2040 3887 2595 4057 2499 5411 1852 682 4173 8799 4446 9632 6949 3248 400 4885 6947 6744 7046 8469 7537 6427 1071 4393 945 5699 3244 2371 8171 5939 699 1654 1710 4189 6933 297 3288
6720 5170 6855 1981 3573 5323 654 349 9137 8849 5110 1508 5390 51 1179 4897 4415 9278 5965 8399 9258 9793 637 1725 9834 7758 5332 132
3046 225 6781 858 4239 5011 4186 829 9040 6583 1063 6281 7243 4206 5502 5403 9599 4755 9540 2611 8192 3716 844 7508 4167 1541 3317 6635 75 3726 2240 547 1877 2905 8289 5226
3761 3949 8480 9385 5225 7242 778 8346 7380 9692 6900 2861 4192 7872 2106 4470 8711 4753 3539 6336 2 7541 767 8531 7827 9909 345 4977 4733 4421 4592 4825 9086 5581 6355 728 8187 3479 7674
5612 7319 3466 8323 532 5537 7571 5911 2495 1153
6387 3837 6257 4724 832 768 5777 4682 5347 9220 5271 8125 186 6621 2928 5366 9468 1898 7083 3064 4377
7775 5319 3162 2652 1602 2900 8162 1546 7935 91 7050 7357 7713 9063 420 4284 5484 7566 5018 6798 5301 7550 4412 1178 3721
3131 8796 489 3143 947 3235 8402 3612 1537 2050 977 6782 4808 2167 7679 7868 5158 2929 3094 7102 5123 4699 7311 5970 1108 946 8376
8947 3413 4319 1809 451 9876 1971 740 1196 8221 5792 2357 7690 6138 5483 2080 3130 1053 7763 1187 3687 9739 7363 9859 471 7560 3271 3754
2399 218 7940 9415 1631 6290 6374 7810 2197 9813 7577 1177 4933 7758 5943 4725 6721 9534 4548 8769 7027 1157 3247 2005 2780 7650 7623 5589 4903 8881 4613 6093 9449 8823 8150 5628 7030 4122 7112 7503 9143 4783 5215 9683 8975 6153 425
3770 1958 4504 6664 3040 1280 1668 5018 8985 992 1397 7808 6348 8015 2507 6904 7044 2218 4392 3618 4181 7231 1018 4082 7844 1770 900 7799 2335 6907 2223 4114 8799 2883 7137 8025 6006 4455 330 7407 1927 4593 8499 6210 3864 507
3824 4185 918 6061 4817 3821 9882 6728 4885 6804 1567 9806 2789 2254
4974 6723 1291 2482 8952 622 4207 2463 8782 6352 1203 2631 3599 1854 8497 92 8186 3137 8651 8032 9187 6271 9621 2830 7059 6377 2357 8133 6440 2657 4143 174
6490 3478 6274 9673 7523 7266 2908 6212 1346 1937 8146 2986 4517 4419 3009 8486 8965 7109 2811 3134 8309 6131 7846
3116 7007 8894 7423 3831 1677 7020 9973 2517 7756 5958 5881 4480 6347 8732 6784 145 7169 9129 4094 544 8020 2950 1920 3061
4896 7160 7195 6066 8886 1218 4353 5350 3909 657 9114 5088 8444 5449 4806 3744 8125 9650 5304 6792 9415 5859 3577 6762 6658 8685 6959 2775 3870 6649
7176 1065 2960 6092 8139 6566 5367 2742 2536 2741 3792 3926 3027 9654 7921 4724 8059 188 5104 3851 3014 7225 4830 5968 7495
7674 332 9499 9703 8344 4639 4652 5683 4554 4041 8585 9868 3666 9120 8018 2359 3629 2382 2819 4319 8633 7776 9246 6899
4653 2771 5716 6976 160 7716 6026 9522 9511 6466 9892 5676 155 6975 7230 6398 4602 7430 3061 9894 4824 8633 1331 5017 3914 5532 2591 4475 4069 9027 5232 3668 1028 4791 6537 982 1008 6780 1662 9845 9050 9852 8180 7633 4201 9748 7478 33 8877
1448 8484 2973 9212 1500 2201 8877 148 8162 6178 2863 1502 5305 7991 163 5467 2927 6861
7106 3462 3026 6987 7628 8196 4219 8518 4672 9726 407 2495 3248 3230 2749 6128 7226 2433 7963 1213 2254 4997 2570 1909 6791
7666 4320 7256 9384 4106 7970 9042 5690 734 421 9547 7910 5756 9936 72 4195 6546 2618 5133 5284 6993 5695 7319
5172 3497 635 1597 1319 5638 9917 9980 2245 7826 3251 1383
2629 857 6330 204 5771 9572 6915 308 5844 9463 4123 4327 4297 2640 5485 9977 4701 8291 8375 2206 5826 9868 8322 1311 3625 9403 9446 10000 4632 3272 1084
3709 8186 43 1068 96 9725 5098 1523 3558 5468 2626 9262 9909 1146 3981 6287 7763 9411 8901 1035 4172 8845 1584 2150 9663 3692 5130 7757
275 473 1293 8961 3537 4959 4180 2613 8408 2215 4919 8994 3454 8445 5072 6371 5170 9873 3470 5349 8472 2649 6001 8169 1874 4763 7776 2159 9561 1642 5617 6149 433 9080 5919 2869 1045 7645 3077 1981 9962 5891 9740 5217 5277 3903 3013 565 9705 2028
3463 5923 1253 7331 7158 4236 1917 4355 4736 1710 1460 335 2437 6306
2975 2758 9381 9071 194 5718 593 6420 8702 5942 4381 2191 2154 9895 3772 6428 9745 3187 3800 4712 8298 2220 8514 3868 875 4775 2130 3602 5032 6667 96 2943 8372 7723 7328
279 7766 6038 2996 2108 716 6979 7487 4414 443 8329 7889 9788 3158 8609 7370 3000 4245 6184 7965 1929 825 3802 1638 8077
6345 6761 8704 930 4648 8940 7659 390 9321 8625 5870 323 4384 9925
1798 5077 2800 2176 9561 8242 3740 3932 6227 97 8155 5220 5933 2117 4597 7491 9237 2047 1336 2106
9147 4014 1228 7871 3694 7508 7928 7743 6880 7736 4028 8270 3936 712 1582 8229
638 4466 7945 2551 5567 1852 7717 2273 1865 178 3342
4023 266 578 2512 6612 9729 9817 9736 4148 1086 7772 206 2660 3981 8708 5725 8517 9206 5057 4043 4019 7059 8047 9070 1091 3332 9425 9289 5370 5343 4118 6159 6385 8280 4159
2257 5410 7981 5289 3941 9195 4269 4754 190 4165 5542 4906 923 6630 942 8249 8392 9248 4212 3510 7707 552 3136 9752 6611 6375 892 6047
6463 1605 1059 1302 6907 6947 399 9394 4401 1831 5640 792 3627 2133 5344 1283 378 6937 5513 2863 7016 443 6883 9472 4827 4982 5695 8319 4091 4215 2157 2410 4462 7946 6211 1554 3314 7160 6598 6225 9535 2996
2758 1700 679 2114 9970 419 328 3799 1684 3792 4796 9649 9441 292 7469 4635 3823 7339 1673
4541 2481 4328 7329 3093 6706 271 4413 1541 5535 2690 7914 1363 1309 1099 5170 7982 1407 8589 7408 422 8093 9119 8251 8434 7611 2612 5181 7689 5161 4772 7983 34 198 3778 2916 1989 6933 7106 7709 7530
162 8967 4211 2473 4045 3025 9442 4543 3018 3269 1286 1498 5322 3835 4093 6773 5135 5835 4809 4939 6917 3415 24 9961 2815 1086 3434 8521 9996 3190 6389 7397 1524 8708 9667 2177 2686 7780 1843 133 7956 6367 7333 1027 3698 9828 426 9088 9483
8092 7678 7527 3195 5994 4899 1610 3407 1102 8950 9956 4198 6635 9864 1133 7081 6851 3533
687 3636 6402 8155 3265 2890 8328 3361 3207 1586 3188 6243 3080 3254 9894 7140 6056 1535 4516 6492 5761 9168 2004 9219 5871 6277 9433 9378 866 2786 9218 581 4733 6245 6206 7843 3820 721 7082 4005 2300 9891 802 8173 5401 6557
3178 4572 1929 7367 5634 6059 9664 1837 5026 6356 2665 3163 8275 1147
9657 649 4706 3195 8150 9381 5874 8805 7753 5354 2182 4943 4670 4552 115 87 8885 3442 5309 8100 8708 8157 7250 6222 9840 5365 366 877 727 8476 988 7761 2415 9491 1584 9169 492 6018 1089 5779 4411 7880 3333 9222 3883 8089 1470 5202
3924 1380 4752 4856 5464 2541 2718 8007 9380 6004 5573 6975 9168 5782 4069 2408 1278 4093 8671 4247 8804 1955 2000 7691 3786 3321 4167 7954 9928 8081 174 3697 3444 1655 9699 9705 2014 6990 1173 1603 4010 3079 6374 2375 6626 6620 6148 1582
2709 3515 2854 9414 7552 2172 901 2061 6282 8175 5701 2140 3684 5738 8918 9978 9301 6503 7627 5735 9303 3954 2078 9005 9714 5469 8319 4921
6296 2621 7317 755 8495 2564 6281 7025 1404 7142 5102 3834 1565 5527 4973 789 3098 1679 4852 290 5879 2582 6806 7175 6729 6217 2068 9277 9906 4858 4117 5257
8497 3051 522 8658 3267 6131 3609 214 1842 3539 8463 4329 6306 8320 8234 7643 8545 9314 5294 7036 70 8220
5111 8504 4036 7475 9445 6334 9225 6619 823 9279 2277 7166 8405 2625 8598 6547 8823 1528 9595 3040 4093 1565 9946 3325 2611 2248 9469 3200
2505 4915 5106 9075 7861 621 8366 1035 38 911 6819 2181
5920 3689 1727 1774 6820 5927 5706 5151 606 5390 1127 8438 6012 5535 3995 71 6855 6277 6237 3053 7872 559 5802 5777 6951 2684 3336 4480 5984 308 6898 2465 4999 3318 8964 8464 2833 6710 4456 5262 7549 7289 5072 3469 2311 1139 339 4937
9844 7435 52 8780 95 3281 9866 5449 5918 3036 3280 4429 3606 6634 433 3092 5629 9696 3776 1781 768 3789 7111 961 6166 4614 7483 4587 3883 7981 1671 4107 4432 6284 7285 9775 1648 992 4090 6802 8721 3833 527 3025 9762 4564 9240 1280 8025 7072
8760 7399 2526 546 7859 8875 6982 3086 3067 283 5033 5734 9092 8109 9936
4152 2211 5282 9430 6599 9613 4481 5913 1859 4157 5281 6578 8284 1395 6929 6870 2354 1252 4 4614 4371 9293
5618 2261 2993 9098 6727 5235 1761 6780 9088 2227 8134 9084 6897 1688 9754 1564 2283 4407 4839 9813 5375 1114 4714 8310 6394 839 4125 516 1388 5479 846 7696 7855 379 7520 7760 8081 8689 9487 9540 7883 8111 8712 6500 9583 2856 8868 2878 9306 137
6857 1628 829 6352 4451 9573 8123 3651 5747 7733 453 5152 3795 8609 8949 2173 3077 2134 8358 9021 3339 8505 2511 4410 4658 3290 6700 2560 5197 6965 3323 4326 7762 5532 4316 1592 193 8167 8697 2824 3439 7895
9170 6396 9319 2467 6916 8247 9791 2597 7609 1724 1267 4289 6270 5318 4475 8929 1848 1514 155 572 1080 46 6681 3240 8048 6688 7271 7266 2358 2530 5943 5191 1125 8033 5406 7978 6662 330 6756 308 8695 9103
3459 5297 8643 754 6166 2756 6472 5388 9534 2270 52 6145 3446 6554 5846 5336 5628 1990 5776 4799 3481 5637 6148 3340 7112 9824 601 8602 3112 5084 1506 4458 8429 3651 989 4947 354 5064
1448 9682 3842 4043 4544 8874 6001 6968 5937 3688 9062 865 3969 3060 9599 9211 1506 8165 5822 7781 4853 5229 3635 8181 2913 4650 4371 6691 7323 2777 3477 4484 7270 3031 9859 199 6443 4659 1312 3463 8682 3803 6939 7476 34 393 3994 6995 5020 569
1004 2364 8473 5187 5632 7295 3701 8859 9977 7566 5321 5849 7875 9468 5766 3469 4389 5142 9985 2438 1876 9330 8627 2936 5228 2821 9014 4831 6946 4757 8642 1702
7926 9041 6539 496 1063 7950 2283 7019 6364 6583 4351 2372 2780 2574 1502 2162 5669 6106 7026 833 9856 9024 8755 6991 7214 3796 6834 9324 9572 9467 7425 9938 8381 5982 7640 8063
569 2565 2350 9121 3668 406 1342 1092 9011 3383 6882 1293 2431 6299 7149 8625 4809 2476
5029 8005 1571 7131 8176 5337 3432 4299 2240 8162 790 1057 9405 3395 7708 7987 6117 6646 9503 1406 5248 3428 2396 5787
7883 2184 1159 4562 6771 2011 5573 1054 2364 2136 6357 2099 655 6762 7340 7604 5516
3694 2820 8883 1068 5563 7522 5348 4020 8491 7684 8049 6550
8061 3032 3047 2119 2093 8134 5186 1395 398 4 1809 4101 1423 823 7794 2179 7789 6711 8589 8085 7256 9729 4153 980 3937 6361 9351 2172
7704 5345 4478 6214 5174 4944 3424 2534 4757 3895 5339 6744 8187 3897 8722 5011 8310 2161 1583 5874 4199 2537 3770 644 9297 4316 8321 2599 5242
8786 520 4241 7623 5827 5064 3493 8151 6109 6377 3313 8036 6883 9514 900 3112 572 229 7329 3838 83 3809 1009 8245 535 8353 9508 7014 7235 2385 12 3971 3699
4495 9451 4241 2040 2340 4550 8736 4342 4124 4986 3883 2822 7768
2311 7476 2684 9580 8638 8462 2997 334 7985 7538 7062 6723 5670 5314 8465 3509 6578 217 402 9991 71 5336 8138
165 4169 1093 681 5021 6602 5114 8881 5432 7524 3154 8435 2562 4193 9081 9645 6702 6471 8136 8958 1398 6561 1249 4561 4250 9435 2189 7220 5024 4546 2975
1690 8134 778 4199 7623 5550 4314 1077 4143 1838 6714 9467 4610 1118 8516
2353 6685 1881 104 7110 5574 2329 9539 5628 2940 3499 8687 637 7855 6857 8202 2842 7733 5421 2399 8527 1587 2576 2578 991 8462 7005 7767 3582 5074 953 6445
4776 7342 1531 2932 7379 250 392 1986 7817 8083 7142 6591 3783 4346 9721 3259 8318 7147 4604 6078 5241 3962 5905 1427 509 9700 3241 7422 410 1739 4621 8760 8442 7616 8502 1085 8038 1977 7638 7337 7804 8722 4177 4476 5035
1176 154 5608 2270 8751 4537 4068 6668 8449 4578 1517 4985 8806 1367 620 4828 3213 564 5088 429 7751 7147 808 5240 6547 7589 3167 6638 3240 5771 4980 990 7635 2056 1776 7131 6268 2605
510 1162 6497 8250 6813 6194 9415 75 1968 8040 9338 7382 9255 7977 3467 7836 1230 8651 6890 660 8062 2038 7007 1058 1702 3637 593 2681 123 4828 2507 8663 2656 3889 5666 7233 2759 515 6346 619 6234 102
851 1886 9286 1843 7553 8918 6792 9872 7775 7543 9593 738 3449 9521
3006 9914 994 2724 3984 562 7632 6427 5098 5933 8351 4516 2775 1747 933 3142 4330 2237 8252 7384 9666 8895 4109 4234 2160 5176 3184 7810
6785 1179 1483 9221 7300 490 3304 1207 883 7405 4519 5182 3966 5147 5020 731 8741 4867 7627 9948 617 3762 4468 5585 1797 4423 59 6826 6279 5231 331 2497 1747 8216 2388 5273 3612 6653 8472 3680 6804 5141 2837 5484 4781 9612 1618 2053
2554 6175 1068 3059 3133 5637 7031 6236 9418 4532 3342 9508 2122 509 4192 3123 8659 8262 708 5215 8762 8314 7734 8365 6827 3575 8385 8797 3 1425 2063 3012 8894 5680 944 5002 5272 9950 6963 2792 3558 9352 8280 7949 1751 6693 6372 4721 1293
8715 1621 7704 3320 6114 8583 8914 4538 8465 8317 2109 8546 5033 7344 2314 374 3816 7913 7956 4808 4253 4794 8888 6525 8358 8307 6090 7342 8727 7000 4050 6156 3016 8027 158 735 8639 9372 444 1749 3255 6181 1631 5335 5658 4380 9108 4246 8309 7483
500 8960 4935 1729 6398 2145 1429 8089 6853 1586 5361 8073 7687 726 2913 1835 6754 7297 6557 4715 6442 3216 288 8772 6437 1545 6882 4974 1894 7203 927 585 3901 8542 783 2738 7069 7431 9477 7780
8000 3942 1200 5328 6598 3111 2527 6497 6321 8098 8462 824 6030 437 7257 2202 4457 4698 5315 6769 7501 8835 4237 6317 6059 8870 3516 7773 9797 7827 4076 7605 1695 5657
7614 7573 2583 1147 9524 6011 2645 1922 6356 8017 3088 721 1831 9438 4540 8551 3815 7117 5335 3580 2405 3576 6901 6354 5696 7763 7570 109 1464 3838 2552 4234 5105 6499 4512 1018 8128 7620 921 4136 8989 8267 461 6353 4881 4607 1205
1701 4990 8254 9765 6783 1216 8055 9706 9840 4145 9401 7431 2027 6038 8603 6640 4157 2193 4187 274 907 214 1838 5570 2109 3227 8089 4625 5840 6511
8927 7119 6671 9004 3839 5816 3553 9983 9471 9258 1008 7403 5029 7843 2312 8614 5208 887 7774 3775 6845 194 4873 6337 9272 286 3428 1613 7805 9963 1654 8120 4389 1204 4765 1763 2453 321 8951 3598 6190 793 2900 8194 4261
119 4193 3860 2138 8480 3407 6859 4895 11 6074 8758 1584 5344 1969 4165 7326 9011 5014 9398 5969 4605 6302 3738 5347
2650 3882 8879 4836 7207 4220 5918 1588 3593 494 9977 8017 4576 6336 4482 9324 4234 4908 8704 3836 2594 6698 7844 4124 6107 5409 2269 4690 3196 7243 5285 3342 5725 6941 6876 8648 3253 5218 2069 6353 7304 9419 9285 6207 459 7330 746
4923 4598 3505 4810 2784 771 4949 5588 484 169 6811 5378 3007 8179 4711 8336 4775 9163 2194
2366 4059 3620 9659 8530 7094 2411 3132 3244 74 4968 3960 4760 4556 1685 7517 8715 5315 3781 3005 5211 6160 7599 8118 5701 6640 6805 4677 1117 7787 9865
2652 3371 4221 8535 2044 738 1641 3381 8106 8808 5515 787 3643 3854 4045 3852 46 7087 4644 1499 6097 7044 802 3901 6090 3081 3988 9642 5049 3126 3282 5611 1890 5635 3937 6150 4608 7618 9526 1952 1498 4906 5599 2224 514 6202 1373 9565
6080 2960 5665 6948 8401 8442 6722 756 1251 3329 9621 1908
7435 2567 1619 7532 9876 4745 5507 9358 7165 7150 6070 7999
654 589 2186 1239 712 7495 5994 1460 6469 5401
4891 4323 8804 1667 2192 9782 4906 9502 6945 3262 5682 9693 6839 1165 6309 6907 3976 9262 3902 1071 1438 7418 2419 4328 1403 3089 7993 5010 4090 4227 8209 730 5110 1563 3240 9789 8420 5042 7029 1997 4893 4423 9877
3698 6096 9400 4975 8876 9878 5192 7500 9626 7483 7670 584 8005 3651 2408 2331 3312 8659
4327 3018 412 4370 3867 2220 3930 8645 3531 1231 1526 623 3259 934 4230 2774 9778 9810 7708 6265 8673 7775 6292 9307 6449 1962 7480 8036 6538 3551 9490 877 9084 8079 7635
5133 245 9466 4732 3634 8267 3904 3271 1807 5564 8719 5317 1015 4319 362 3297 3816 1854 1463 7320 2586 7103 8978 7036 1526
4944 2714 5784 1522 5925 5394 3502 108 5691 3031 5000 3923 1562 1069 2423 6270 3512 8728 6960 9474 9814 9 6005 4679 3643 839 9986 726 6003 2284 765 4483 6278 2746 9575 9661 1706 1779 6312 4635 4139 7358 9244 7490 1616 3753 3197 8088
6950 6626 7726 1022 9108 7314 2437 2189 4474 7523 2796 3695 5851 3971 9307 1616 1366 399
8799 8625 2238 593 8438 2149 4525 6033 7741 3975 827 4493 1356 1432 7466 5803 8472 3635 6222 2132 7199 7442
2546 1161 2142 857 8885 505 3348 6473 993 8493 3009 3044 6609 3613 8534 485 8145 6136 6018
1110 9971 9540 7370 9214 5160 3211 5681 5559 9957 8006
9374 3879 5074 1028 881 3333 442 7706 1135 6201 956 3677 1097 8184 7233 5329 5935 7524 600
2889 1867 3151 4011 8343 4214 8191 2185 7765 8900 4719 3895 2867 5098 8525 2659 542 3345 2834 1660 7727 3777 962 1645 7164 1856 4288 3643 5406 8456 5794 2701 3592 9392 2544 3159 6088 9898 3571 4336 5211
9611 7791 8372 3696 3228 1027 5896 8787 732 6341 3592 6868 1312 8047 7923 6027 6420
5545 1115 4941 5452 1770 8144 457 1018 1232 6905 5207 958 717 7386 4393 2100 5737 3241 6185 3318 6472 5897 4796 4085 2634 2290 502 6859 9754 5886 5054 3503 4855
72 3785 1438 4163 7690 2585 7578 2588 5656 5337 5575 2729 7716 3805 1125 6570 2470 7829 1603 9431 2357 3341 4272 4995 3276
6445 2529 1371 950 6631 8965 7672 7963 4807 2984 694
7702 7703 7545 2421 176 3958 7756 1945 789 8516 412 3867 8704 2267 8141 4621 7855 3310 3919 6985 6401 3441 4270 932 7772 1734 7063 3585 9395 5152 7969 2797 465 8033 1699 405 6231 4393 7130 8783 4289 1499
5303 1884 1296 3838 1349 4573 947 1868 9164 4597 7816 568 6705 4572 3547 2174 8363 9066 2094 3625 654 9608 3751 9331 4091 3265 3287
2054 6523 1296 421 8599 2405 7541 9340 4494 9759 9868 4547 7808 9034 7721 1925 8630 6880 528 7005 5864 4008 5661 6611 2046 3649 197 9496 3858 1897 3871 93 8042 7989 9562 9276 9222 6450 791 7737 7707 3764 2556 5442 4441 1492
5417 1103 2631 7413 6800 115 1672 9999 7216 995 8498 4243 8111 8630 8947 6347 1393 7216 3872 4945 1988 2338 958 4635 5206 4623 4636 5496 5070 1576 8169 3662 1848 3958 1068 4677 6469 1610 1065 4281 390 2334 9271 8775 9203 6257 1088 8833 1010 2515
1794 1384 2149 9178 8250 8549 1407 8524 1603 790 9022 2506 103 945 9079 5068 2411 5725 9503 1140 3627 698 2154 6180 4700 6068 9869 2868 2567 492 3765 3084 7230 975
8937 6800 5829 4604 3638 3000 8071 7413 6462 5445
9236 5455 7728 9148 5989 8716 3649 9074 2949 5882 7616 6506 4035 867 9453 9434 1394 9182 4391 2430 8531
6517 8558 3721 4920 8052 4752 3147 7697 2153 8186 9154 8058 3925 3209 4837 6632 6870 2088 7613 4429 8850 9782 8802 8468 505 7753 4571 297 5485 7561
1717 4527 3655 3994 1086 3455 8357 7703 7385 9995 5689 5011 2090 8349 7235 990
7529 5456 7496 6600 5641 529 6353 7541 3063 1433 9603 930 5505 264 5285 1309 2653 3565 4459 548 2174
4425 2450 7558 5687 1153 6564 4271 2122 5697 9797
9563 4085 6967 3856 5962 9777 5341 9638 1419 5589 811 5199 5897 3905 7390 7647 2266 2151 6983 951 5861 1761 6295 9863 8337 9023 4157 4687 657 1802 2557 5803 9592 9872 7857 2506 8072 8865 6892 6132 8791 2570
5636 7668 2752 6645 7749 6515 5700 2265 8683 9829 10 6835 9754 1166 19
9602 9629 6094 6746 4860 8352 7696 7881 5996 4741 6060 9332 9543 8031 9085 8530 2564 2005 5685
6087 2713 2286 3440 7781 1106 8033 9158 7968 4079 5946 8416 203 3482 1424 5623 4092 8652 5385 7251 1214 3941 4856 899 2969 2798 647 8230 7809 341 1856 8157 107 1487 3477 1092 7381 4825 1780 1330 3598
3054 3911 3055 5769 340 9356 6570 6011 9358 1884
5313 2157 886 3028 4002 7024 9726 1645 4799 6538 548 7668 2998 4644
7686 3964 4477 1862 1871 2964 3130 9418 140 8570 1251 9889 9802 1147 6824 7616 4327 9684 811 53 1395 8198 3729 7973 5657 7011 4282 1592 9734 2858 743 7225 3681 5303 6310 2642 8203 3553 4714 5472 6063
2088 6752 2339 4153 7594 7403 2654 3438 8093 3877 7163 3353 6248 9679 7424 1844 7353 7769 5033 3381 3065 335 5590 4471 4002 5259 6224 4699 1611 687 5142
5212 5370 8243 7665 2678 1009 4590 7977 7956 2955 3480 4544 852 6551 8606 3522 5057 7035 3063 1244 6174 940 6371 7113 2873 2024 4477 2762 4725 1406 3149 6524 3742 6017 5385 3079 4529 2047 2588 4564 6599 2897 2410 2589 7343 4703
3770 1640 7878 4668 5817 7883 3586 8640 6430 300 5695 5494 1400 9167 2226 5894 402
2953 8756 9065 5277 2284 1540 1485 7721 7968 9070 724 6801 9830 4415 5660 6049 7990 4157 6637 9077 9816 5047 3960 3100 3991 2713 7023 3959 5136 972 4710 2742 4259 8570 5717 6926 2283 1922
4706 5851 8379 7079 9095 3767 8409 1234 9569 2814 6099 740 2196 3118 9827 8582 4379 3240 8950 7509 7323 4724 3044 6483 8321 7384 8630 2678 4169 7113 3205 6726 8679 1209 1901 5429 3940 1822 9345 3231 7893 4804 2065 3936 3043
6628 234 344 9447 4963 6734 1007 4275 1458 1817 5102 8612 244 5635 6956 1738 3690 193 5990 2726 5931 6871 3283 9305 8288 8891 5630 4995 3360 7933 5609 4033 6143 5825 7188 3481
1557 3977 2483 864 7047 2306 4833 6650 5707 465 6144 2103
5474 3870 8370 3980 7583 2529 1412 5862 2984 3028 6777 5907 9877 5834 7054 4678 8651 5078 3092 8353 3196 9925 146 6356 2421 5492 6352 4582 1234 5771 7179 6904 6608 7305 5337 5817 5327 4958
4200 1486 5797 1509 1307 9341 9470 2269 5471 9068 7561 2254 9459 9213 3595 9894 8167 1251 8449 657 8424 4702 9322 5390 3648 2305 3557 7131 6092 2869 3210 5722 8569 4893 6108 8254 2931 831 7381 6736 7710 687
5471 8073 6280 1498 9898 7642 7495 647 4566 5846 4765 8704 8890 9413
5879 2234 3005 8048 4028 5431 3533 7802 7265 991 6500 7697 6722 659 3091 9840 5783 6999 307 7081 2357 7881 7438 3568 2359 5643 3390
2687 179 9776 7350 1429 7006 7301 6761 5836 5023 5777 7185 1594 2600 2981 56 6936 2885 5565 4555 4953 6422 267 6235 6075 7382 2371 5051 5035 2477 7681 4979
5945 6883 2077 1583 5353 7123 2720 1421 3473 5751 1315 555 4843 489 9549 1427 4894 4861 2999 3628 7151 2074 9160 1410 5339 6725 340
8837 3831 7037 9677 1961 496 5883 8997 5901 2512 6473 2542 3471 3967 984 4664 4106 155 5433 2336 3773 7453 3986 1839 7030 8833 468 2968 7146 8322 9693 7066 7665 8618 2806 7240
1786 4343 2740 8866 2159 4657 1073 7343 3546 2943 6668 1960 8505 1732 5324 1081 4039 4359 8629 6174 3978 9441 1710 8359 3921 8900 4982 2114 3145 7560 3549 2924 4941 7031 5294
1237 4198 807 8416 8318 7452 7912 3885 8945 7257 3393 2811 2807 2126 4124 5716 691 4122 3943 9893 5871 4451 3461 8173 7511 8256 3064 7435 8440 5778 686 4266 8756 1039 8028 7082 7363 7594 7813 1322 3803 5277 626 840 9245 3563 9865
2010 4590 9541 5592 4152 9567 3280 6362 7665 8243 3244 3052 4064 2289 9454 6884 7010 5659 7826 4883 2947 8060 5891 1419 3491 3997 1750 2353 7791
5411 6458 8797 2470 8009 8837 1693 3596 2199 3002 4002 3753 9388 8506 8536 7005 7262 2835 9704 767 3625 331 9288 1286
2560 6252 5102 1992 7417 8355 2166 8663 6787 2873 1435 3968 3974 7388 1105 7679 9043 5376 4664 5677 745 2088 4379 2274 3573 5987 8693 1492 9786 2062
4977 9827 3246 1019 6233 8608 7512 7677 2601 4576 9548 9146 9187 2951 4684 1999 8326 4703
3874 3527 1250 8411 9434 1992 4558 284 6052 7896 5002 4500 6918 1120 2068 3003 4868
8656 7172 6170 5958 704 4200 9493 8907 982 4746 6951 8276 241 2343 4150 5286 234 7328 1121 1053 3469 3227 2641 84 5025 8443 3911 3166 2416 6094
4946 19 3164 869 8876 9086 3068 7786 5742 1538 6745 8357 1840 9985 3227 8532 3084 3739 1487 7277 494 7880 7423 2906 2742 4439 9712 4655 9377 8058 4793 659 5366 5289 2580 4997 3479 6021 164 9777
6276 7241 69 294 848 3234 893 452 1339 5057 1039 9694 1818 6730 1617 3058 4560 8423 7326 751 6749 2266 7856 9683 7308 4668 8840 7571 4684
6329 6248 9832 8461 1241 8622 6890 6809 5585 3450 2395 4984 1406 5775 1660 7801 8156 3166 6721 1942 6039 454 15 5069 918 3798 7089 9823 968 2606 2996 3416 8231 2417 226 4777 8267 1694 3204 2846 6556 6136 4275 3697 7916 8731 9924
4599 9812 1655 987 2608 6030 5305 7680 3099 3707 3435 3233 8981 4230 9708 6762 1931 4015 837 6896 7357 5940 9835 9599 5491 5990 2839 6459 8250 8322 5746 9216
2158 4850 9161 3281 6364 504 5099 9476 7298 5730 3030 1642 4374 1691 276 4584 9081 9861 2784 6638 2063 6392 5445 2375 9243 116 2462 225
9827 7117 4401 3319 1122 7432 4091 216 6697 2076 2838 1706 9604 6277 5380 5998 6353 1272 6285 2479 96 5769 4498 3331 7264 5849 8909 1257 3619 5827 5519 7601 4059 4346 1340 4254 3310 7812 1431 9742 7733 6247 9939 7513 7147 994 7257 7534 6776 6764
9150 4124 8840 9528 3221 4808 1828 3839 2770 1189 6466 3649 4177 4857 5354 4220 3899 3173 3136 9640 7955 9302 878 3496 121 6633 6385 4882 5849 5490 85 6986 8719
9499 5033 5508 7570 9803 183 8079 7577 7154 9314 6048 5178 1730 7905 2253 1287 9140 2040 7748 7524 2860 2067 4847 8641 4563 4301 4705 9392 1704 3820 6304 86
1117 3448 2575 6322 7395 2941 7967 8473 2157 947 4562 8545 3167 7246 9125 4166 5001 4798 438 7242 8470 2584
4464 6749 702 6299 5146 4148 1434 86 4347 7661 7086 8496 3298 4823 9436 6808
3730 2929 7544 3402 8 1151 7616 6415 7416 10000 3897 3221 9145 1468 1866 9630 4513 6139 5287 7795 4839 16 6795 6661 2915 3662 4157 9254 5842 7806 4399 8230 3079
5874 7932 3530 54 3418 4029 3131 1621 6845 8936 7158 629 588 247 5222 9947 9425 1147 5289 8042 2604
5279 5701 5716 1437 7907 2683 8139 3939 1142 7812 7017 9181 680 128 5879 545 7 8354 6811 1346 7064 5756 6285 1277 8651 4699 1689 4377 2912
6616 7806 8551 7179 9799 1989 6032 3065 4212 4453 3419 6753 3924 2158 6386
9371 2300 3570 9490 3864 7318 6209 9541 6421 6976 6262 9280 8250 4315 8027 6143 6059 8573 5111 2239 372 6772 5217 9943 1376 5152 810 5812 5573 6128 343 5584 2764 7691 9531 7727 4828 3170 8343 5133 9681 814 5736
7421 9916 2881 8134 3838 5603 220 7210 8738 9613 8315 6550 960 8696 4824 5295 8130 564 3687 5145 709 5703 473 5626 6255 1888 3244 3119 4853 8046 4788 593 546 255
7305 9990 2803 9379 7958 6425 5078 4715 9978 3771 2475 56 195 7931 7537 5078 4451 9484 9128 5403 6954 9999 3384 7320 265 2177 9620 3610 6948 5424 4643 2968 8587 8234 9814 9952 6164 4706 7597 5021
1572 3124 714 3282 6793 6497 1301 3194 1132 4892
6728 8147 5274 117 8445 9971 4803 8666 3956 9396 3187 4470 4456 6688 5729 57 6337 2326 7465 3038 3102 304 1449 5901 9096 4908 3392 6478 3759 4783 4441 9168 5909 5638 9088
5983 5305 9737 538 1754 3918 7017 3244 9854 7931 9797 456 9561 8488 7135 5570 8691 7131 1141 9895 9809 4950 2887 5502 1749 8343 2274 709 2122 7510 9851 7390 1784 7781 9855 5979 497 5431 9897 3387 1541 4947 4142 8525 3548 2282 6987
8916 2293 2308 1172 8058 442 2533 8706 6866 1814 5837 5829 2224 7472 1500 4830 7555 1990 1716 2910 8732 7073 2654 3279 6647 602 9918 3749 5848
6197 6171 753 8706 4669 6998 2104 3450 1918 8266 9209 264 1298 5086 7123 4363 3667 8958 4311 7204 5846 2875 8440 8462 9964 2077 3588 1668 5262 888 4947 1675 3761 5273 6285
8467 8203 2558 741 2604 2339 8208 3383 2634 8292 200 7082 3645 3742 6144 1219 2934 7948 7804 4584 7991 8683 8455 5534 4869 4067 3180 7512 6253 2629 5432 1330 3103 8909 8401 2299 3926 488 3406
9446 8300 6061 7428 584 7993 403 6755 9209 2039 8051 2696 3549 88 2850 8959 4256 8268 2574 61 2778 1335
7185 2577 2381 5776 8546 2364 228 7798 2639 6309 4979 6802 6880 382 5936 7564 3008 1565 6564 3764 257 6033 802 1224
7071 1308 1794 9861 3672 5406 2119 9741 3329 2204 7451 4851 8349 3495 3657 2021 5360 3483 9044 2929 8680 9590 4252 1492 4413 5687 5440 7311 3456 779 4559 3893 8835 6701 9898 8121 3031 2604 6161 6725 5164 3731
2314 2394 9160 6554 8498 9807 3759 2453 3176 5696 3174 8229 5220 937 4625 6892 8877 6389
8928 4289 749 8925 3759 6166 2999 2456 2488 3357 1187 5911 3755 8996 9808 7463 3356 8237 1310 9942 6024 3744 5509 3295 6863 2304 4722 5178 2542 1029 6399 2432 1854 7312 3473 8420 6214 526 1973 2252 7781 9210 7062
2057 2701 7281 1270 9711 3809 2524 4738 1368 8475 2378 1208 5433 408 3545 9958 2804 5974 4266 7601 7047 3576 6773 4014 3424 9657 3885 435 3212 2664 2577 4968 4814 281 4925 971 9365 9080 6696 3831 1060 9802 5624
6366 2062 7025 4631 1294 252 7291 9104 9728 5405 4385 9506 7966 8609 1594 2248 9001 7277 4840 584 9842 5848 9984 1848 770 2065 3525 3066 4105 5474 5703 3648 271 3077 5160
3660 4838 1365 7367 6198 5370 5414 8855 3303 4344 6570 6981 4781 7203 9006 9816 4998 2637 8340 8440 1245 1640 7011 915 5989 1997 6559 7314 9310 4043 2742 8343 7905 5947 2118 5785 7155 9470 8772 6884 9548 3720 2636 8869 9869 9552 3700 8099 7185
1159 8911 929 3691 1694 2763 6266 7873 8845 7335 3672 3127 308 8754 1735 9261 8300 3222 6948 8140 4724 2857 9549 2317 5508 1056 3024 8673 2525 1314 9683 5718 5692 4449 4003 792 8917 7423 1061 5520 6662 2196 9853 5568 1453 1926 3185 2736 2278 7491
9129 5115 9191 6547 1151 1238 8503 2492 1270 6247 3203 1334 1097 4498 6195 9442 9172 6092 1697 3911 1685 9467 1129 9797 4507 9213 6405 5883 7793 2631 9155 8856 2580 7458 376 4775 2559
5944 8538 8328 2096 9291 3776 1142 3322 1555 6116 9884 3646 650 9556 663 3636
9226 9480 4785 5817 882 7065 1229 1994 7272 9318 8823 7894 8957 2540 7801 5950 3260 4807 8756 3944
8426 6983 5410 6015 2988 9315 568 3916 9247 1461 3103 8118 8116 6436 56 3859 758 1561 2026 6018 6623 6468 2909 131 393 3838 2290 4450 6214 8533 4620 1673 7112 9006 3173
1113 5661 1360 4959 712 1765 4688 5026 7388 860 374 981 8110 4392 1756 4922 4441 2349 6606 4326 4136 7005 3869 21 8857 3791 6603 8711 3316 7343 2767 6639 1572 9780 5497 2517
9933 7784 8385 3150 2410 8451 464 8317 6798 9602 8668 1333 3049 8718 3076 12 3535 9746 6324 5578 5388 308 3089 7972 3367 4393 6326 7795 6730 7308 6148 6164 5539 799 1337 2304
7193 4156 5492 1985 2063 1228 5801 6233 136 6196 1020 1641 7228 130 4494 2283 5016 3821 9626 9130 4654 5586 1695 3759 6901 8861 8020 5218 5039 3844 730 9934 6692 202 9831 444 2224 7557 5727 6379 7976
2864 4377 3204 8005 4046 6625 8767 838 2269 5567 6160 4082 8894 4198 1403 3221 5443 343 6679 1858 6087 5786 1200 5854 525 8801 6483
7170 4325 3665 8903 6298 7315 7986 6426 8067 6420 3277 6537 9438 119 2232 6897 760 6164 4998 1658 7321 910 5556 8502 3076 2609 1946 5949 813 232 3655 8708 295 9041 4016 6061 5937 4694 5962 2141 9883 5811 4638 5742 8458
7906 8302 7573 4749 5901 2835 662 6097 9660 8077 2901 4249 8121 3727 2027 134 9302 6925 2001 336 6839 1850 5203 9450 3001 5092 9493 2292 7741 919 6905 322 9537 5403 41 4415 624 3421 9741 2006 2775 8959 7451 5113 984 9903 2300 5025
6044 8117 2713 6368 26 3502 5018 2719 4536 7297 537 4922 2266 7284 6820 5200 3899
3673 4801 7023 325 8041 5235 3182 4420 3219 2911 1742 1002 84 9579
768 3150 9018 5961 3836 8813 7631 2460 9426 6 5632 6063 6881 4647 9303 9858 996 9472 7726 6446 337 185 7757 3624 6590 9443 1951 6961 4056 8169 9244 8864 5694
5657 4395 3340 6828 348 3443 6971 1136 6369 8736 8396 7488 9483 1554 1012 7926 9384 9027 8280 9030 6923 8502 2592 3010 9059 9118 2346 6389 9089 3734 5545 4170 1402 3781 4237 5768 8759 6177 1745 7907 3413
7847 4089 1214 8615 8124 9017 6169 3576 8653 1680 4662 6468 4408 4274 1536 5773 1016 8229 6160 9156 2046 1130 47 6154 3217 6274 6719 8286 6246 1585 2286 360 9986
7257 4785 6467 9304 6632 5051 7366 6479 8427 6213 2049 6212 7836 3929 9515 7705 5167 1737 2329 6934 8704 9952 349 4902 3198 9869 9975 7609 1623 1202 7054 5737
5194 3303 9636 8375 1275 6173 605 2774 3461 3356 956 9720 149 6620 3173 3903 4087 1972 8627 9572 8544 5888 9770
3235 7052 8357 1984 4429 13 9215 7708 2126 3539 8470 1871 8567 7133 8413 398 7861 3534 5009 4503 7244 4957 233 1323 5003
4667 480 3218 2616 1583 1132 7724 4086 4067 7952 5705 1234 7304 3718 1181 6833 9707 230 6254 1997 6828 6039 7804 3411 1426 6863 3919 8313 9360 3566 8737 9681 4587 9535 5612 5175 9303 6435 5339 7666 9170 8419 5355 8318 1691 8848
8858 4972 3438 4521 8940 5197 6395 2665 9240 6120 8036 772 2812 1869 2490 6511 7747 2524 5918 2327 1632 9983 8461 6668 9088 2162 705 1825 822 9666 8699 8491 1274 4688 3763
1082 7155 8058 70 8915 7699 1614 9610 7788 6724 6615 423 7912 9461 233 7766 4555 2781 3775
2859 5397 8979 8701 6306 3528 1969 9731 5914 933 499 4189
370 2906 7436 932 9296 4250 1950 2543 1515 4146 4085 5390 3770 8322 2255 8610 3578 1919 3989 1812 6583 94 8727 90 2864 4994 6863 3959 1285 4048 4269 2642 1435 5402 6361 5451 3929 6722 4046 9455 9288 4414 7025 4629 1489 1628 8859 9391 6876
6074 3054 1871 1252 4428 9970 4212 6729 7136 2988 5228 6638 8458 2459 2545 3854 4388 3978 4183 137 204 6931 2458 3520 1857 4408 9134 2348 3856 5081 2917 4484 8931 6933 1704 4883 113
8959 3721 4289 175 6583 4231 8376 1211 102 5820 7324 4515 2641 6834 5170 7900 463 3345 3665 634
1568 6355 9690 8978 2122 5519 6591 8908 4257 2372 7673 9607 8493 3595 3320 2282 6067 8505 5060 4163 790 8431 8381 5781 6028 6425 8731 5269 7254 5168 5003 450 6826 4547 2061 568 3753 2473 1373 7594 8473 6096 8683 5714
564 1646 3335 1328 633 3175 6824 7057 8908 5614 9835 6429 4945 9709 1249 5419 1527 1300 6500 505 1077 4900 2901 3531 3004 2782 1256 6488 1838 4105 148 1768 5761 8749 1813 9190 9018 1030 2543 9644 334 3118 7623 4938 5818 6669 8264 9640 2294
1469 1410 9687 7824 9996 8580 3987 9930 2618 2431 8185 9568 9817 7472 1660 271 5773 2544 2745 6787 2237 8924 3904 4665 8866 3958 3476 2142 8710 6524 9967 1144 8220 1312 8301 3304 1868 344 9898 5344 5494 2625 5780
8877 8233 1361 2181 709 9858 8562 4917 1118 2242 9450 5524 9028 9587 1782 3078 6822 187 3240
4297 5169 8760 124 1750 7526 960 6683 7158 8385 2997 9412 8377 2177 6942 7297 6988 4764 7095 7354 5638 5561 6278 4879 4484 4212 1710 7233 9593 8569 4546 4341 2063 2370 7421 2135 364 2256 8451
8121 5700 870 5533 2160 4281 1913 4902 2845 7248 9248 6294 8832 8238 2230 7986 5476 6128 9449 9471 3527 8023 2421 259 9678 5325 3489 1263 2533
3446 6146 4173 7836 5298 7045 2042 688 6392 4671 8295 6387 9282 6388 2258 2066 3831 8288 9927 6802 4350 3299 7603 7621 8270 3240 7303 7810 738 6834 6834 2540 9618 912 7073 5029 7962 5046 7697 6842 4997 2876 9362 8254
2899 7054 6173 4089 3858 7691 2568 4168 50 1964 6060 1263 8392 8941 5331 3319 6886 2399 980 3674 6934 4433 5789
21 1049 3002 8590 5723 4912 3657 2858 8579 6669 7338 7736 1927 7015 1652 9850 5002 9537 5935 559 7510 8041 5227 8685 412 7542 4780 3936 8027 7522 9430 9905 5478 7799 1348 2868 7861 3064 505 8659 1360 2141
270 1767 9726 8035 7698 2289 4707 7316 6416 8673 4180 3385 4846 2585 1687 5959 3258
7030 4778 585 9040 8122 9847 6857 7765 3574 1631 4666 3133 4153
2372 9387 5235 963 1131 9470 3720 4503 9771 9221 8716 109 8463 1183 2391 5673 3005 9072 9855 2369 4832 7262 2199 7260 5937 2133 1711
4916 3867 7061 4161 3994 6219 5225 9933 2361 4554 422 6171 5287 4561 1397 9774 7627 5827 6558 54 4095 877 703 6257 8151 3121 5995 5851 3443 932 671 9930 6374 3842 3754 6621 7223 4368 4212
7975 8474 6961 8711 1351 3818 4099 2025 8945 1581 1190 3567 6805 1185 9798 9779 8547 9817 2002 6147 3705 5252 2198 6113 7167 627 7469 3364 648 2786 7638
1638 7614 9019 3335 2392 5651 2274 3035 9857 6792 6078 4371 7376 6642 5969 8627 3648 2588 6581 3156 3580 1496 9321 5019 2969 4366 8136 7580 2838 6114 521 7780 8374 1292 9309 9299 9238
226 7512 8699 9011 8897 4656 2668 1510 7052 7141 7104 3901 5186 662 3991 1252 7510 7377 5448 6783 4907 4368 75 5964 4223 1642 3023 635 8792
7607 8894 1714 298 5272 99 2477 8768 3872 8400 2269 2847 8801 2907 6904 791 8283 5881 7169 7847 2352 5317 8080 6714 7944 6064 9614 8494 1349 826 1207 760
9716 5156 5618 5539 8188 8045 5206 9305 6074 3759 2036 2403 7153 8471 9892 4487 2663 8649 4282 4617 249 361 2827 1521 7836 5166 7985 9067 7252 9501 6583 1923 3486 3779 6752 8925 7762 1315 7973 3025 3561 3588
7449 2661 9957 4043 1482 6836 4995 5326 4896 2359 184 6609 6415 326 8203 1442 3995 7476 8895 4104 202 4903 4222 1581 2115 3559 3316 1858 7296
5909 6003 4069 3474 2645 9271 2843 8174 3763 5180 4382 156 6300 4244 3510 766 9513 9220 6754 4629
950 6758 4960 3580 4049 7574 3976 2092 9282 2386 4568 3881 2625 7830 2804 7979 4705 5648 19 86 2493 2849 7263 2032 2119 6741 1957 1634 7017
6227 5830 3201 5179 4222 82 3433 4397 3318 3591
6819 8147 2148 1096 6582 8661 4200 8223 2806 7891 2236 1742 2163 8468 2829 1241 1962 6732 7687 2474 8872 2997 8696 4466 8513 5635 3487 1216 7758 7363 7727
3877 4188 26 6100 2940 6506 2802 6631 9291 9977 7236 5690 2336 4679 2969 2691 1869 1644 2355 6496 5543 6598 1073 4291 3523 376 5062 4251 9773 1114 802 8461 2813 6711 7989 7846 2746 5958 7009 3092 240 9502 5363 7841 6218
469 3945 3001 7867 2142 6272 9949 5598 6973 6364 4254 1468 8569 5377 8508 1119 9216 1921 5717 4480 4784 5835 1925 3326
3739 3938 8417 5757 8126 4777 8403 5138 8197 277 9062 8588 680 5826 5859 8240 9063 9562 1249 8201 7997 7381 5859 6196 2992 3219 403 1060
5747 1255 4883 8657 4252 392 2847 3305 3592 2047 755 7016 6411 3006 3469 4677 6806 8356 6141 3350 341 9320 6831 118 1320 6252 3422 2632 422 7796 8195 3847 4471
739 3703 3507 3800 9028 4075 867 940 8047 905 6035 744 4938 5735 2468 2855 5664 5073 4367 6954 6147 6230 6902 3174 6784 8228 6190 761 385 8700 7357 3976 7694 6878 9124 2800 8354 4411 6881 4209 6154
2464 408 7565 1269 2483 5550 1452 5688 5394 5877 2703 1080 8235 3720 4153 4639 1496
86 2414 3370 8803 6702 1315 2598 6713 6136 4274 7073 3105 1025 8274 571 1985 7911 3096 7715 2288
4513 838 9683 3883 709 9429 4814 1106 1441 5989 9270 1336 8918 7268 4438 5876 9442 4742 3613 3426 9206 9442 6789 4391 2357 8475 6989 883 8486 7121 673 7833 4627 9562 8027
9234 590 1280 6389 9364 6568 103 2338 6297 7376 7685
901 3481 3712 1892 5529 8709 780 5832 2482 7671 9529 5540 9482 9928 5158 5154 2008 244 6968 3156 3253 7525 8377 16 7664
1643 1611 6318 3723 6878 9342 155 7457 2956 6405 3982 3857 9014 7599 2433 1513 9723 1403 8205 1555 9344 1595 7085 9347 3903 5348 2835
4542 1300 3353 4403 3734 2259 5575 3886 1519 1500 7909 4916 2424 4990 9097 6255 5139 2592 114 3811 7769 1135 8722 3774 9337 1731 8208 2677 8084 2921 306 9839 4948 1706 5100 6861 5205 7830 6890 9606 2726 4668 7275 5108 6592 1607 3954 5881 9107 9305
7637 4060 2575 3640 4542 2860 6933 2301 5178 8821 5079 5577 4349 2868 6085 1664 2224 3050 9420 6607 3737 5632 4508 9706 8841 9339 8508 2824 8767 4757 5272 7604 1850 5933 7221 673 9675 5384 5153 8928 6262 779
4366 4793 2058 8266 2359 5925 7382 3551 2660 5553 3908 6314 1539 7305 388 1305 2663 5405 7390 1273 3201 7447 1265 5561 1982 7706 2358 7672 3093 1897 2639 8676 6318 4899 7238 2627 9439 2158 9335 180 9325 1396 3714 4151 7999 7457
9256 8173 3227 2976 9310 940 150 9541 8707 6394 2367 3335 184 2495 7987
8241 5744 6255 4062 5750 3597 8432 9732 1418 6407 2009 5844 6044 2645 4629 1371 211 3569 612 8494 3237 694 1087 6185
4047 3450 5820 2064 24 8603 565 3561 1197 5464 7970 6785 8834 3521 4769 1069 2894 3645 3230 9015 6890 3705 2365
6487 6859 1471 6663 3357 7937 3961 2556 2622 8304 6149 1230 148 9049 4620 8847 2567 865 914 5832 1930
4006 7286 2424 9508 9275 8107 1770 8859 9167 4435 4155 3921 3836 8176 3837 3069 3290 4044 4318 4008 6205 6783 7173 3376 8423 8766 4643 8691 7423 2316 9029 3450 9376 4867 2479 4698 1316 9246
4 4398 6721 3308 8412 7725 1413 6923 8663 6425 6939 5144 1449 7726 3481 3604 5814 4679 6078 6686 130 3026 7900 4904 7580 6053 5618 2694 8014 7334 953 3426 4631 3001 158 9219 8729 2179 8539
3246 5093 5931 6853 4066 8829 1226 1725 5513 2407 3785 3538 7195 865 8201 5067 4440 3489 2658 8442 5218 9353 4030 7524 6199 7261 2845 9888 4532 1065 2701 9698 253 7375 1826 738 2244 3535 56
2965 309 5084 9874 1727 4152 7490 3940 2391 2664 986 1171 1225
2183 3612 4930 9531 3767 6043 6583 2479 745 8723 9801 1588 5402 5726 597 4695
2969 9594 1745 866 161 5528 904 1115 4213 8469 8185 5537 5999 6093 6844 9144 6928 7216 5973 5112 2767 8202 6871 9730 1425 5229 4917 5784 6419 214 3288 2131 5498 2468 5149 8529 9880 6117 4100 9019
1638 7988 8456 9124 9138 5063 3220 7144 3403 2589 9015 3517 1007 5652 5744 8175 3436 7689 3350 9602 1020 3321 3815 1606 3798 5259 1195 9518 4333 7239 8833 9614 7703 6833 8998 7791 7895 7068 3220
9873 2881 4879 3354 8481 3804 6935 8674 4984 9562 3661 9464 4441 2587 9247 2548 6666 55 3609 6223 9855 6482 7107 787 5106 6283 5749 2348 6667 4736 4202 2484 7988 8717 4244 9868 5738 7509 9459 1718 4982 9654 6209 7563 2001
3791 3470 8488 6003 9539 4775 7747 5065 6797 7232 9610 5101 2396 92
5278 8969 8016 7642 3937 9629 9030 5241 9180 3197 3900 9439 6208 8169 6430 1578 273 3629 7648 9624 7897 4845 5486 1652
5037 2806 2050 184 620 4076 2100 2039 4457 4879 3724 2892 4386 8558 5482 1027 2622 4602 3205 8016 1053 2933 1822 3021 3524 4958 1120 4912 14 6331 5656 7661 5670 9144 1472 2298 427 3572 9271 8896 2960 3741 9555 7053
3266 9099 2755 5938 1147 4155 4479 5755 5204 8677 368 3900 1310 1718 7009 3905 3000 9852 4074 1411 9922 9224 8951 7703 1431 9916 5606 842 6437 3604 7682 9916 6047 4561 5317 263 9193 4149 9911 3040 3224 4088 3834 8857 2498 5625 9749 5892
8017 4536 1351 2681 2936 6661 1187 768 9145 1110 7819 2608 5834 6978 6405 6082 6390 8553 4324 243 6458 1850 9481 4504 1362 5561 9195 2548 9774 569 9401 450
5610 5898 4999 2324 9454 2863 639 6489 7459 160 2514 1351 959 9207 8352 8738 1400 9233 2389 5876 9366 4944 4582 2085 8638 3807 1558 8439 5076 7848 8614 8049 2780 8318 4106 5642 2100 2956 2331 6860 2793 1494 2031 5414 5964 8989 734 7715
3903 5108 7665 7620 1485 4567 819 4602 6441 7436
4067 955 4158 6046 4179 318 5067 3400 1658 7206 2381 3893 5898 4665 174 8015 7868 8913 4364 2812 8732 5410 2731 134 3372 1953 2222 4651
2918 2827 5251 3104 9646 9748 1980 7658 7990 2978 4959 6226
7249 421 5059 9992 5335 1644 6829 9912 1828 9987 8709 8480 7335 4881 287 9847 8963 3554 3421 1776 55 4617 6362 3249 7319 6528 8397 609 1586 4170 7983 6529 7014 3377 9534 5088 5742
449 6584 3399 2312 3055 7499 2522 6697 6529 5632 7802 9845 5999 3898 11 6318 5441 3473 9496 6975 3317 9503 5675 8500 707 6993 435 1868 939 2459 562 7480 5820 7436 9481 5626 421 2272 4748 1755 5507 3971 2255 5404 9121 5050 6609 7340
2402 5204 6343 5082 2427 7588 8378 2750 5014 9727 9983 1871 7553 66 3641 3530 5012
439 168 7508 9766 9465 8574 9466 7663 4944 5539 4449 2340 6667 6564 579 4860 1774 7677 9638 1219
3123 4853 8320 3521 1648 3277 8183 3283 6021 2240 7279 3263 8004 1880 1568 2512 9054 6671 91 8777 4166 9349 1498 6509 8017
9583 2572 2170 3999 8935 2735 3971 6160 1511 9759 3256 3402 6017 2145 8170 4669 4167 1049 1102 8481 5627 4651 6853 4891 132 4425 5666 4200 724 1827 8365 7411 3189 8460 4383 9738 7412 3102 9677 2387 1069 3167 5544 3923 4453 2362 5628 291 2708
7724 5933 5984 4974 7974 1935 152 5424 6999 3139 1415 5262 9609 685 6362 1752
6875 1703 7911 3139 5981 6704 2548 4405 6888 2658 9999 4040 5659 7061 6058 5814 7246 3462 2247 4 7472 8507 5204 708 5551 7606 5186 1856 9993 2395 223 500
278 1525 1069 6409 1544 1906 3390 3330 7716 7213 705 4154 6176 8313 7583 8088 8209 9058 8254 1453 9235 8148 3386 2883 7237 2996 4515 938 9449 5404 1319 6111 8365 9806 1230 1664 332 567
494 3297 2652 8510 6337 5781 9393 1367 1764 8680 6104 1483 3322 952 1443 5547 2566 1427 4709 5099 9169 7034 1136 1609 3819 6608 2292 2953 4539 8204 8746 4642 993 7811 9160 5999
5491 2574 135 4328 7807 9425 1839 5240 6307 1678 6276 9359 6323 9219 110 4002 5447 636 2984 674 217 917 8679 6226 4195 1022 8151 6230 9780 9734
986 752 7567 4422 8832 5730 7121 8623 7377 9901 6551 5559 6040 3995 7700 6071 2787 4236 6927 5799 3803 2600 6363 5751 4478 1829 6623 2275 2212 7010 6651 2959 3576
837 3033 2774 4292 7389 8767 9005 620 2761 7015 9404 5406 6215 4617 1321 1596 714 8098 3601 919 6779 5108 9678 8564 3018 448 8656 1046 6242 7142 3855 9376 4744 4327 3329 1867 8845 7571 4162 8719 3283 8523 1952 2773 8360 2259
2280 8806 782 9560 4727 4576 5579 7334 2047 2432
117 8509 7532 2672 7354 9906 9700 6986 3935 2177 6716 9350
4474 6155 4929 9209 2228 7247 1762 6314 7753 3524 8683 8277 9332 1164 3063 2147 8924 7806 5161 4895 1835 1254 7997 8032 3073 3360 185 9836
9481 3785 5347 2032 5761 6658 1114 5521 5732 3928 7289 8761 6058 1481 6535 4295 9195 3149 6074 4878 1898 4380 1641 2128 5765 84 7456 7121 8523 7327 7265 6210 1493 1466 6298 6672 7850
3960 349 2775 3721 2256 3952 85 9661 974 7589 505 2572 3307 725 1456 5434 2135 4165 5355 5340 5431 3150 5352 1313 9647 4507 2052 3123 7929 409 4712 2795
5015 6946 6655 4798 71 8891 9892 3325 8087 778 4125 2278 8942 1579
6370 2811 387 6745 4230 4895 8718 1223 9701 3662 6306 2682 6666 3132 1062 7992 8066 4596 8374 6384 725 4738 4024 7387 9683 7514 2884 2168 3834 4347 2682 8990 9203 5759 642 1170 5036 502 4404 7598 3976 8192 8817 5921 4355 470 5897
7402 4316 7096 5509 6697 8956 2621 9712 1860 6835 6294 8951 1485 8661 7759 5870 2525 2786 5465 2285 5002 2911 2764 7179 4689 8251 3648 3300 3292 7373 8193 605 6400 5667 3156 9903 2755 4601 8069 3142 8674 8258
3755 8626 147 2542 9402 198 1771 5301 192 5322 4874 5240 2703 5769 2715 961 4123 2295 1393 8516 5630 2422 5216 8184 5551 4427 4217 6322 6800 4591 1439
7457 9835 7424 8990 4337 1061 8801 6352 7117 4199 9843 2957 5306 4942 5290 2431 5335 4098 9160 4702 3881 4216 5611 1945 3849 4762 8288 1289 8079
326 1197 9917 4355 235 5190 6670 3911 12 7526 9879 8073 9140 3551 9234 7528 6917 7595 791 4165 1675 9905 4557 5587 1409 2005 6640 5211 795 584 4952 111 2089 526 3294 8440 8022 7197 8981 3742 4040 1586 6749 8786 9358
6177 1872 8420 240 1270 7713 2511 8406 1422 7372 5519 5381 7630 6441 3316 2604 6578 7479 2844 7228 7439 7626 3890 2483 8235 6811 8089 8854 9624 3266 6184 2751 3410 8264 7540 7427 7890 3256 9248 8412 9574
2351 3560 7769 1873 9049 5074 7411 8826 8592 210 8368 8998 5490 3572 8336 4395 6482 6876 1706 2371 8605 7302 1659 6556 8593 492 2129 8002 9605 5802 7108 9166 4983 4798 7798 3748 169 9243 149 1881 788 4851 3737
358 4681 1008 6087 4261 8048 877 9725 7014 4117 1110 5046 4769 5549 6205 6080 4625 5724 7936 1224 3138 5582 9736 2999 2266 3072 6808 9276 5542 8091 7781 5337 4037 4505 7205 7677 2288 4034 1135 649 2362 8214 9577 9459 7942 9299 5843 6165 1866 9937
4898 3649 4141 1636 6878 5749 2055 6222 5760 8107
1474 7229 7285 6755 7883 5907 4450 8226 8194 1142 6355 7000 7475 5666 6247 6447 8647 356 7211 4057 8402 6127 1729 7580 3627 5768
8286 4893 179 8004 1831 871 8852 3481 9088 3679 3715 8700 2634 3732 6489 3673 5160 612 6726 6273 8311 1584 6661 1715 2992 7650 4172 5296 5474 2091 5951 7130 9254 5849 4169 6616 9328 2540 9961 4426 7115 6668 4705 6775 7339 6102
2234 1065 4078 2226 3969 8645 3422 9645 1237 1032 7713 1751 6229 1219 6897 5413 2578 6049 8331 271 2092 4666 4711 7860 6217 194 2363 6413 5853 2955 812 9310 8236 586 5566 8777 9404 8918 3119 9616 595
7373 4895 4147 4935 3975 8765 9048 4712 5405 4928 4574 5555 7715 2525 4338 5784 3479
7400 924 6289 7195 2912 8950 5064 5649 6950 2666 8510 1537 3449 3113 6472 8479
5915 7185 1096 2126 7642 6122 6833 2165 5385 5257 2133 4085 212 7999 4892 6108 3466 9441 8108 4334 2389 5548 3355 8768 8464 9916 6377 5061 1853 3597 334 1824 4289 6400 8325 5207 5984 3969 1449 4945 687 3375 2798 7220 9734 9339 4472
4168 879 4016 9152 9749 496 3935 8017 5772 6507 6693 7726 2967 2172 9535 8675 8380 9932 6242 9617 8294 9421 2924 462 3555 6022 6948 3481 7880 249 2018 2677 4370 9638 9487 524 1556 8819 8902 3662 2738 190 768 485 5595 4709 6620 8989 1499 2569
3825 7307 5184 163 1817 3518 8562 1735 2712 1436 8043 4675 2357 1935
7775 6914 9979 590 4665 1072 2335 8810 7315 4538 6577 9811 4852 721 4003 9080 9347 4144 5564 7893 9237
3042 1877 3379 1492 2624 6838 3677 3313 9975 5690 9602 9074 8289 3526 854 3406 5529 5350 6132 810 6604 4629 5931 5569 8673 5846 5676 24 6017 4175 8527 8106 4273 7232 2267 9986 9611 8183 607 4153 4857 3647
7369 6681 2043 7958 5267 6374 6849 8411 6326 6525 7735 6833 4619 5764 3662 9785 1663 2151 904 4281 6177 9156 1418 2720 6800 1752 3063 4504 2813 2377 6234 3363 4198 2291 8725 4296 5521 9481
4501 3727 5552 9483 9185 9329 2056 1661 9820 2821 2445 3038 4451 1296 2367 4160 2994 7992 4824 4008 8209 2056 2611 7227 6027 6170 4073 3905
2941 9360 297 5249 6848 4137 4124 8348 7788 3773 8652 147 2826 9969 7350 7540 3918 6755 4621 4071
7724 4532 4675 8381 2083 4414 8505 2611 2321 7518 2735 6902 299
8850 518 5897 9202 3926 5911 5260 1562 6454 1663 4744 3521 442 1269 148 9471 3639
1252 7428 703 8031 9645 2142 3804 1793 9999 6817 9024 3357 2728 930 3923 5114 5236 5818 7624 3057 3882 8573 8202 7434 200 8140 1593 7678 2502 5467 4610 3849 9668 6212 7993 9316 8094 5262 5175 6065 6799
4812 4514 8539 1547 4093 6579 2041 4063 7129 5461 2974 4214 3891 4003 1003 6209 5451 6540 9645 4521 8482 4036 1068 6745 8324 6516 2822 5155 1370 2103 9526 4487 4482 1930 3224 4429 4737 1435 8274 3057 781 3831 9753 2580 9753 3322
362 4045 9341 7370 354 4238 3562 4751 2512 5923 1389 1488 4145 9221 4804 9332 641 6685 6840 2275
3651 5141 5255 9597 4929 8176 9764 8500 4693 5803 5915 8888 4883 2463 3229 1465 9757 4737 9071 2029 4850 8786 6908 8541 481 5805 3072 4642 7768 7063 1716 4439 8512 5889 6620 9009 5061 3189 176 7421 5186 1783 5173 6719 2731 3990 1992
7705 3807 1785 5796 9552 6392 5096 2881 3171 753 4569 107
497 919 2614 6413 8135 3670 9752 977 3033 7144 2119 2726 8861 5944 5946 5414 5421 2695 5176 4208 7686 1725
5946 979 3663 2959 2387 9089 2347 5639 6415 9072 5891 5878 8962 5338 9481 5369 3343 5750 4806 7036 3651 9480 5878
6232 5683 4004 8232 4530 726 2234 6065 2720 9508 7755 8938 2266
827 3582 8040 3999 1661 7757 489 3055 8285 1035 5690 644 9267 5647 3524 6116 7876 7782 7155 2972 3455 422 8761 3912 2219 6910 8172 6808 1539 9102 63 8999 2329 1510 3958
5662 3513 1737 9884 6445 9061 9034 9898 3610 3237 7274 6627 6481 1708 874 9116 256 543 5155 8759 2620 7943 2760 2334 8331 9371 5723 9189 6266
9267 36 5468 6036 5735 5034 7810 6755 7388 6467 7355 9637 7028 9113 7510 3837 3342 1171 9 7081 4908 8121 7452 4206
5282 9183 6089 4212 8887 6784 6427 206 5095 363 6786 879 6113 658 8872 9305 6038 7672 701 1618 652 7706 6498 4997 3405 8382 157 3917 6015 5663 8965 5133 736 7148 3543 2917 4565 6802 1616 1753 7811 889
2275 5755 7237 3478 143 8037 5609 9627 9652 1457 5081 747 1409 50 8026 6459 7852 6979 1604 1826 1368 7560 1715 4277 8109 7440 3197 5943 7418 371 4232 3830 723 7734 3381 1418 9068 7909
7005 6503 6690 5663 2686 1939 2027 7513 5093 9292 9526 1044 6798 2399 2122 2562 1558 1410 6507 9246 3468 4103 9188 6191 9943 2155
5283 8160 8571 9146 6107 4590 2904 3685 7459 6394 9956 963 6199 3785
5371 577 4363 51 4820 2404 5500 8919 2930 8614 5655 5968 7571 4365 5484 9795 9801 17 172 9651 5617 8500 5529 6178
6058 914 594 6665 5922 6904 6057 5823 4726 8581 1966 7932 9396 9946 9378 8138 2111 3496 4270 740 8221 2358 2206 2001 2366 5718 3778 9770 4219 6023 6684 7039 9688 4229 8772 30 8184 7735 3537 566 4811
4640 5785 4153 5749 6 9558 490 2349 3310 63 5698 2478 8141 9162 6413
7242 2905 8281 4021 8365 3780 7996 3725 5303 8292 3500 2847 5662
3849 8791 758 8706 1611 3865 7072 371 1377 1079 135 3959 3161 163 3699 5316 5782 6948 2838 5920 7048 4714 9580 6009 7685 2394 530 1459 229 820 8063 304 2895 3365 708 6158 2213 2271 1016 4011 6709 2626 5492 4860 810 7015 6547 18
5790 5141 2677 8186 2865 8184 5612 147 3609 6730 66 5179 8910 7177 7942 7539 4640 7666 6562 4855 2243 2303 941 8313 9283 9085 6816 6968 2361 8448 4750 1173 8811 9778 217 7709 1886 5055 7901 3754 40 5406 8706 7468 2022 8535 3092
8199 6845 4509 576 9614 1762 8434 2201 6310 5414 1309 5508 5096 5176 900 7918 6806 616 3395 4798 4342 4417 7298 8271 5075 1675 6360 6892 2141 5631 7372 1347 6751 7903 2589 5622 8228 2168 3374 4091 5677 3523 7837 4146 9887 1722 6018
8391 844 358 3681 1696 887 7557 6069 9035 9887 6065 6038 1684 3970 8036 9670
5999 1278 5871 9608 9341 6351 5222 6498 9060 6908 4444 9052 7011 7464 9351 2404 8144 7628 29 7049 4315 2496 1721 7470 7382 262 8895 5858 674
4328 2604 7130 5861 3272 506 7169 1086 1495 9765 2936 393 4885 7697 406 4030 8709 3393 7127 3066 990 6679 2015 2581 6130 7558 6173
5811 356 7352 4599 5347 6101 2484 4276 8394 2894 3363 3401 7378 4830 2773 159 2531 961 436 7575 51 4951 7931 9623 3597 8811 9360 4466 9483 1655 4933 2237 7996 4428 8633 2004 2755 7739 6942 1732 1087 7847 7290 6233 6635 7787 1806 658
599 7023 5794 6047 113 3153 283 9065 8067 1943 2312 8337
28 4383 2765 8471 3973 6316 8172 5813 4557 6913 833 7996 9053 2316 9783 809 7404 1190 9014 3247 9846 8462 7793 2730 3045 9042 2486 4641 3429 9821 5375
7847 9664 8582 3391 6012 7674 3753 3343 9998 2623 8250 8239 7421 3193 5109 4720 5709 2139 617
4114 2097 3207 653 5907 3364 9683 536 6225 6025 6118 624 4942 9562 4137 189 1970 978 4671 8832 7568 5974 1176 7364 7440 9776 4433 4828 1278 5023 1700 8555 5116 7494 1637 3658
5518 6178 7479 7438 6332 721 4827 9383 3567 8762 5798 785 7213 8112 4466 2264 7402 7686 415 5985 9711 5159 9617 3900 4900 7954 7311 8783 9312 4102 5192 7953
1985 2621 5176 2416 8217 2660 4864 6803 8798 2314 7762 6275
5500 8016 2811 4350 1244 2896 2382 8378 6580 1520 5354 7138 5472 6236 2337 9350 9515 1405 1413 5205 8784 2944 1335 6273 8825 4602 9580 9559 2235 1438 6602 1406 9805 455 495 8458 6904 2898 2450 9117 39 2562
7052 8444 8350 5976 7036 1914 2392 1918 5912 4980 1105 239 2030 792 3998 2527 8150 16 1985 5767 788 7079 1961 6841 8462 5702 1840 1276 9579 9285 9452 4119 8520 8069 4296 213
9470 7481 9937 9976 7227 2152 4693 5314 6451 4105 7033 9881 296 3168 4862 9332 1211 1285
9904 8084 1878 1765 9092 1024 2907 7116 9678 2047 7129 8754 7000 6033 3057 4433 3481 8201 3490 1850 4721 1029 2379 1864
4970 6944 4445 5990 3663 2279 7115 4987 7750 7581 359 5490 6055 4420 6788 5986 4022 3021 6531 7040 3668 3892 5755 5462 1961 2447 7200 9467 1336 7080 6119 2452 3842 5887 649 1041 2705
4848 7083 5304 3937 8841 3385 640 3479 4320 1967 5305 9214 172 4987 1048 2689 6787 4064 7557 9643 4053 8414 9538 6736 2102 1561 7255 1755
2276 4770 2398 7102 7137 2526 2393 4752 5913 2336 4516 3008 9741 1395 7023 465 3078 3057 5434 2997
8343 2471 5327 3240 7911 6170 77 8230 9619 4150 7273 8539 6975 8347 4857 3768 1233 7620 5676 8066 3244 5479 385 3577 1746 5088 9861 7696 2225
4679 4938 7984 6905 4273 9489 2962 7292 692 5803 2094 4829 2584 5891 9495 6859 8012 9413 98 9635 3074 9358 2072 145 9853 2477 1756 5791 5411 8258 8730 181 9027 7464 153 779 3441 251 1535 1604 9045 3144 8179 7369 1611 4677
4 2100 8670 1489 556 651 5413 9910 7591 3950 6294 1268 9647 2740 9123 5485 3206 5170 4759 5247 2845 5235 7192 5036 8134 7188 9419 3548 4345 3739 8199 6725 6511 8555 9406 5901 1021 7430 1340 9596
6494 1763 3576 9714 3509 5865 4537 3054 1777 4185 7574 7516 3420 5768 8042 4605 577 6236 7137 3028 8239 4954 1313 4992 7401 4067 2792 5319 5445 1013 2918 2216 2150 4159 7463 6385 1657 8064 6377 3876 8806 5039 3215 3741 620 6326 6886 6944 9308
5779 6875 1016 9518 9472 7389 9558 784 3324 7303 3267 8642 6217 9366
7998 6745 3023 5428 4493 9600 6823 3944 690 8664 7687 949 7645 4233 956
9770 4271 2513 4761 102 2947 8688 9005 5073 1415 3657 135 7009 6707 1027 280 2030 9960 2325 5774 4660 7983 430 7339 8215 857 5973 4517 5886 898
4227 2862 2932 7932 9177 6025 7134 2421 9149 4344 4022 6224 7682 5720 2573 6757 9014 7463
8332 8037 2742 1502 9015 1339 1538 6896 5555 9185 9479 1143 2805 9298 7806 6365 2890 4893 7834 6780 8898 2752 8751 7152 4335 2655 2061 4854 9235 3579 3750 6022 6266 9293 1574 597 9393 7200 3957 4908 3129 5948 7123 6229 9569 4538 4059 1269 7880
5684 1973 3727 6025 2401 3397 3981 8540 9067 4741 2896 767 550 4952 2139 9598 7581 5270 9124 3968 5060 7206 9524 5505 4704
5065 9493 3079 7017 3367 1541 3751 1607 2790 4051 9217 2978 5281 2391 804 735 9203 777 8341 459 1475 7561 7085 7619 9498 192 1450 4996 7522 8896 7364 4581 7013 7950 3626 9656
6747 3988 1627 4556 9485 9641 3710 3687 7762 9072 7005 6394 8196 704 9307 8664 4935 6537 3869 7466 6722 8149 7060 7040 8901 8736 6538 2865 8419 4927 4584 8688 5870 9155 7478 4341 8853 4386 2423
9644 9355 3509 6036 4818 8419 6438 606 2018 6493 8248 9404 8853 8698 8785 1135 947 2846 7766 624 4787 3373 1941 6925 3834
1828 7376 8633 8920 4917 8785 9882 8745 5909 3206 3813 4333 6747 7150 6711 1147 3601 668 5354 9805 1976 9915 9653 7821 5247 3456 8784
4629 862 6633 6894 6269 7085 7667 5186 8457 7497 4375 5612 9099 3686 9700 9267 7488 5849 439 5253 1429 6027 4522 2775 9360 9262 4348 5043 3571 9434 699 112 4123 6457 8052 6269 362 8817 1084
5620 6918 408 2644 8712 6865 4139 2922 6330 1888 2231 2080 6586 921 9235
342 796 3610 8255 4656 3078 6919 9680 2778 8821 1045 9416 5548 7 7087 7819 542 7395 8201 6069 4863 1710 9029 193
9083 1042 4282 7574 8866 7758 5897 9768 3559 2590 3099 4370 9879 7095 7248 5206 8657 9159 7835 7074 5249 2799 2345 9002 3344 9939 5576 7894 2046 5068 1415 5883 5169 4175 2727 9438 7215 8031 5248 4104 2518 5820 1560 133 7465 9066 2615 3692 6688
1819 2865 5474 4626 6280 8746 5529 9413 92 2119 8991 5199 9659 409 9292 5967 466 8256 2968 941 8335 5080 1534 5221 4957 7266 1009 7273 9583 9444 6268 5031
5375 7172 3632 2771 7668 4218 2353 5347 2097 5199 2254 8526 4997 4670 7586 6160 8225 8508 7878 5509 4043 5362 8637 8743 2055 1707 8032 3057 1507 2042 3532 1980 2830 7135 2830 9200 7224 5656 2135 5434 9997 386 2577 5349 3466 9605 7929 891
7820 8328 2293 8494 9854 1398 8508 4006 2639 2020 2938 5585 7628 9897 9854 7298 5282 1891 1358 9971 6861 809 1237 8025 5448 7707 8239 3490 6325 9332 4243 2106 2138 7404 8394 9588 6107
9351 2629 8934 5237 5528 7785 5477 2314 3647 2906 5634 7727 1757 3941 4854 5520 2690 6364 1918 8636 312 3066 8423 6166 9515 5580 5085 7573 172 6075 3527 8766
217 7873 9718 368 3575 4654 9754 7774 9651 2313 8876 9742 8350 4342 8922 8052 7774 4538 6914 1598 3885
3683 9843 412 1043 2153 5116 314 485 6339 9241 3194 8567 7169 4686 1333 7041 145 8328 1114 1188 2221 7659 4232 4237 3930 9905 4797 6718 3320 4277 6733 1337 8562 7550 2428 7744 2002 3191 2650 441 4866 6611 2928 3900 1433 7458
8790 4088 7610 786 1866 8071 5678 6942 6054 6434 684 9856
3838 3414 5314 5965 4686 9624 6290 9472 3386 5390 208
4049 7263 8788 3936 8687 2587 8982 8246 4349 9167 2971 3475 7784 2960 5748 8784 6835 8216 4865 5752 1705 3991 7949 3836
8958 953 7575 3343 3972 9852 6077 5710 9340 6915 4285 2226 6033 9607 5658 1854 3219 6883 6416 3588 4807 2738 8420 7017 7246 4883 8352 2601 9404 6977 7743 8659
9552 9047 4558 5644 6208 1763 4123 5984 627 2279 1848 4553 7771 2048 5295 8687 122 8176 4784 7641 4590 3869 8151 2213 3943 9796 9791 9084
9737 9569 1868 1799 8238 4208 8808 2681 1572 5315 9371 5967 5996 17 9349 4544 5859 8833 1771 1816 2053 4954 9074 2538 5320 6929 1915 7781 17 5138 2577 3244 904 4208 6253 4827 4161
683 1510 3247 4104 2673 1130 8404 8277 54 6745 7222 58 8866 4877 1505 7615 4008 8161 7121 2530 1774 3511 9559 8872 5569 762 9052 5774 6998 9719 3978 6843 142 6025 9329 1627 9529 942
6341 4273 1209 2779 7207 3907 9535 7447 2893 8800 1639 768 7940 4778 5689 3392 4245 5136 142 265 8704 7297 1669 1137 7818 7509 3528 6711 5625 1298 3646 6429 2634 748
4447 4646 2603 7627 1538 1913 3565 6492 5468 9501 5019 1618 8331 1448 4815 9450 7141 4727 5108 5579 6152 5430 5642 1461 8976 6660 1865 6386 4553 7963 6121 594 1321 9101 4613 1685 7150 9390 9425 7266 3354 2962 376 3054 900 587 7223 175 4252
2338 8471 8768 4623 1247 8422 6741 8060 4402 2574 2423 9088 2145 4358 6479 1625 768 3162 5545 7762 8824 3762 8650 8258 1414
9826 6432 1256 9155 6648 2979 7511 9971 8991 5357 915 8827 9685 2470 4866 6108 9797 9962 4781 7875 8824 7534 4978 9228 2118 8329 3316 8037 7798 3109 8513 4716 8458 4763 1025 1088
8290 2772 634 5134 3665 7858 8316 1319 2809 2261
9424 9508 9838 6900 3177 7858 1226 6553 707 3756 3863 873 3848
5851 2636 2416 7240 8347 1429 4581 8199 3052 6436 8002 5766 3951 4577 9287 9193 3428 4523 1192 6212 9850 7240 8188 8993 4543 6204 1255 4676 8014 3541 6468 3077 6276 4694 9803 8637
1847 4476 272 6523 1329 3009 6119 8992 6719 4166 9888 7121 6860 8909 4196 3374 4943 1615 4232 6423 9648 7528 1889 7773
4320 526 5184 216 7994 4501 9507 5694 4152 1802 3313 4029 2467 3719 2018 4291 5660 2202 7673 121 7522 7675 1810 5455 376 7181 5649 2934 3450 426 1409 565 7251
2045 5614 5272 7036 2404 6801 469 4997 4016 6348 8305 8802 815 1533 3436 5102 3438 9089 5505 9680 5555 5943 3191 2785 3566
3234 6230 9442 1924 3071 6852 2641 8836 563 6802 1193 5539
5346 8759 7250 7538 5768 3622 6654 2673 1196 911 671 9256 8457
6192 5089 7445 3524 2499 6802 1231 4862 2806 680 8201 261 6806 861 2301 9969 6829 7114 4248 6629 6582 2846 7786 9958 4646 1046 3166 1399 4966 1056 9093 3982 5661 486 2448 5337 4364 5303 6727 3559 9981 3589 4722 3119 8438 2008 7692
9175 4457 9870 7697 6431 1802 4467 4795 5910 2658 8340 2949 2390 5066 9031 8572 5471 2553 4757 7401 8457 1016 1458 8528 9156 9227 5327 3481 4596 3389 9538
8721 9475 7737 451 2853 8634 7650 7215 3198 9936 426 2847 6091 206 8586 5772 647 1567 8172 1386
7505 3881 1822 6115 2194 8271 7865 7048 2287 3070 2948 1081 4726 9328
5792 3452 9455 426 9162 3682 54 6666 9692 232 5771 1026 1547 9739 3148 1366 9693 1846
2858 5086 5703 4022 8307 7093 6328 5355 7415 2279 7276 8971 6273 4652 7416 7271 8249 1565 2148 2673 3526 3702 8475 787 8578 8314 5588 5949
8372 5079 4311 1913 907 7945 372 8449 458 5349 9735 927 7477 1490 6333 774 6155 7495 895 110 5456 1558 8183 8498 248 4587 8461 1490 1624 9450 9247 1958 8309 4388 6239 2984 244 5561 4930 5511 3717 5791 4216 2765 1001 5073 2806 8377 292 7674
3136 479 6800 1924 2790 7344 1371 3001 926 9286 7724 9328 3700 53 2622 3447 9352 5967 2417 6438 4703
2213 7815 5056 4536 3659 3257 5773 6393 3275 9383 8832 8104 8373 4372 7946 8414 1943 8614 3666 6357 886 8611 502 967 2509 9804 7394 8077 2228 8916 2671 6616 3686 7283 5705
1109 1759 8818 6301 6635 8134 3765 5627 2507 45 9517 9855 7733 5243 4304 7275 7439 3351
8192 5945 3832 843 7638 2641 3688 6983 6940 1258 7675 3378 3491 883 1828 5076 1104 841 289 1872 8415 8213 4601 5781 3536
2682 1072 8883 9960 2318 6784 6201 1004 319 7095 6041 8962 6443 4409 1709 8499 8332 5423 5476 240 5940 9055 2226 972 9811 882 9233 1724 217 633 8552 5467 1676 5254 2812 9796 8230 5080
3967 8309 8423 9708 5740 9622 1376 5055 6399 3907 7215 5 1574 1075
690 2298 3597 6436 1600 5268 379 7941 9973 50 267 1875 8745 3876 1415 165 1159 131 5646 6713 1560 3150 5026
8760 241 2727 148 7470 4335 231 641 6208 5319 2432 9077 1188 1959 5717 391 3662 5575 735 9287 4895 4230 5627 1055 6823 5773 7728 7756 2558 5310 5828 1391 8298 1293 4036 14 3001 6229 8897 3622 6315
2458 5897 3502 2038 9016 6214 2098 3394 5044 630 6953 7856 4522 67 3246 9916 9843 3198 2042 9862 2592 8019 9084 7178 8694 3668 7927 1239 3136 6966 4291 9368 5578 7614 8593 2331 8361 5852 1330 1242
9978 2170 9581 1318 9205 1064 1174 3549 8056 426 2986 4439 2142 6637 127
4014 71 2908 4716 7256 5776 7005 1014 6662 5227 2258 4017 9487 6856 1466 317 649 9939 9940 7900 8060 4379 642 9426 8476 7864 2834 40 4040 7393 1224 6762 8451 9890 9079 667 3280 5606 815 455 8066 7926 2037 9176
7887 6770 3017 1983 4873 3613 3396 9307 7302 4862 4736 2937 815 5038 1176 6841 9688 8064 9815 6489 3976 5807 8121 9898 4774 2458 2197 4990 5706 2292 9772 8240 9071 2151 76 4539 993
4083 7037 6205 4806 8263 4656 7227 9516 763 8193 802 6239 8002 2365 8111 905 608 3150 7585 5587 6215 6576 9646 3773 3073 7985 7103 9187 1198 6592 6170 6178 8730 5277 8225 2750 7552 4109 6259 8255
8856 9315 6716 9579 3145 2345 2370 6585 532 1722 9965 1554 7042 8935 3796 5076 4976 3699 7691 6536 5568 2894 1348 1857 8424 7490 9316 8053 8379 6353 9636 7626 548 6430 160 4093 8705 7662 5547
9634 3119 1838 4029 6595 2814 3512 7291 2376 5694 6388 2667 7433 8325 3008 3425 4327 1603 7132 8627 2736 6102 8573
5571 670 4704 8196 7 1535 9735 2940 3549 3517 2712 5788 2925 9609 887 5489 709 6049 7207 7528 9489 2991 4541 5946 362 8176 277 2957 9970 6366
2905 6007 9755 5627 990 7858 9229 446 2378 9255 5718 8551 2870 8645 9506 9327 9972 746 3814 351 349 8681 1169 3207 3452 3679 7561
7062 9222 6211 6194 2709 5634 7337 2098 5734 3847 7520 5790 2810 3751 343 9702 827 6423 5349 9782 5097 5348 3878 8218 9808 1248 2810
6509 9377 1912 9428 2926 9367 8148 3908 7780 4800 1133 8952 4339 8677 3688 3993 9445 9043 9138 341 6768 6622 3396
8324 1595 4247 1270 8593 9151 2350 2122 8466 2564 4311 1231 1386 235 1573 503 3702
5778 1387 4309 5909 2874 2077 4934 8368 9798 4111 6596 7614 5081 4782 3731 9643 5893 1465 2616 3871 5614 4506 8372 4103 2363 1479 9224 4973 4232 5840 4517 5046 2833 8371 6275 9429 866 6151 2185 7983 8142 1404 6917 442 9912 2018 71 454 7443 7217
8059 7325 2311 126 5973 9650 8443 2796 4098 2250 4155 535 3270 6616 8085 158 1311 3259 3698 4602
8886 5634 550 6397 3616 2998 7025 1688 4245 7405 6830 8383 3003
9511 1931 7445 3223 4408 911 3025 3963 9321 916 2043 2066 6696 9415
5689 1776 8387 526 479 883 8603 8473 7931 435 5637 5186 3228
2604 5770 1951 5083 2466 767 6483 8931 2577 4929 4874 3948 1470 5722 4455 2203 8679 5736 3668 6800 7456 5815 4897 9940 617 6935 161 2409 5036 3654 3939 3981 3336
5072 2182 7572 8129 3994 7702 3513 2042 4246 4951 5955 6334
4018 9824 9450 9262 3075 4295 9997 30 2872 2793 5419 2824 9184 9914 2382 416 6210 3740 3910 3479 8188 1000 2180 4830 2181 4595 2482 7461 1571 849 6474 4683 452 7115 4856 8451 4957 4074 8887 1337 1971 9490 1225 3794 675
4972 3922 1845 8292 1110 1466 3933 4746 9823 7519 7001 5851
5883 9167 5454 3030 5008 2682 5080 2110 6521 6860
4544 9677 9223 4389 671 5902 4331 3937 7869 3492 1468 4728 7141 4835 3175 5521 3341 3357 4820 1717 7237 4981 9748 4486 6270 460 5046
1279 2513 7375 1393 1643 8717 5472 468 6961 5630 7059 6212 7537 3489 8120 4002 2591 900 7353 1860 7385 1632 6590 2279 6033 3394 7938 5748 3177 1391 1512 2996 6603 836 5167 818 5676 1929 3620 5648 8599 3810 1187 260 9454 9818 3856 9232
9763 9453 4345 8398 8724 8200 6432 1601 2269 2024 2387 4137 6633 5659 5112 6237 10 541 1650 9525 2303 8644
5727 3565 5685 696 7849 5536 6309 548 1612 4670 3249 5671 2744 974 525 9446 9796 7650 439 7205 7051 1301 673 6911 2436 3848 2276 5955 9663 3870 2465 3205 8672 1729 8681 3686 576 7773 429 8719 1268 8729 2361
2853 3710 3049 4293 7422 8513 8948 3511 7603 3484 9166 2575
5008 9603 4933 5305 6961 2299 9796 9662 9846 356 3948 5222 6418 6548 9951 9852
5466 4990 5519 4153 2250 2234 1307 6578 5021 1724 9028 5669 4448 2106 9948 9799 2643 1577 3355 2978 3478 3814 222 483 4884
9292 1472 2348 9617 3688 1864 9634 1108 4351 7587 9110 4369 5035 3348 5875 3165 9951 2353 219 1048 4088 8555
3640 6330 318 7576 5065 7911 5706 965 9612 5886 8054 1420 4945 1961 1184 7401 8325 4562 627
4069 4063 5895 3094 7792 4871 3057 8418 1019 6425 5924 5254 961 7876 4910 9747 3826 5345 1501 5306 4458 2931 9447 858 8164 6023 3401 922 6276 3212 5705 9019 9229
7213 8557 6692 6773 9580 8001 2309 8080 9614 8308 6137 2707 107 6750 8045 1258 5474 5586 9701 9977 1782 7137 2442 5393 663 8775 283 3389 3193 5845 2757 5685 6627 271 2012 32 467 6113
7073 2802 1938 1812 175 3984 3794 6560 4761 5467 6104 1197 1936 6094 8498 9035 536 7102 9519 3156 7250 4026 1445 3856 3386 4524 7096 6878 8813 3187 7709 2713 1352 3116 4350 318 819 4473 4537 4245 5357 8936 188 2486 6868 833
1581 1196 1198 1600 6632 739 7264 2195 3958 2712 7802 9715 6876 7554 4287 2599 7697 5067 587 4559 6186 1282 9142 2970 821 2089 4806 7690 7463 5755 9170 681 8785
6333 2069 9367 3117 5331 6300 3282 9373 9882 6245 3464 2880 7600 625 325 7354 8755 9479 5391 2026 5196 7251 5536 2557 5174 3774 4146 8721 382 8982 7823 3846 9571 833 8373 1049 5292 2996
2610 8773 8469 5348 2869 8479 9655 4349 8626 7022 1739 6482 3755 714 5767 7997 310 3994 7378 7717 4941 103 7478 7225 2332
6938 3525 6571 1374 6593 9883 1278 324 9855 66 7749 2557 9969 4308 5331
8875 8679 6420 1205 9913 2770 7461 9842 4078 5460 3708 2728 9324 7837 4839 8635
5839 5065 8371 5497 2726 112 6264 8965 9321 8264 9672 7593 4836 9388 6325 6005 581 7654 8863 8309 5661 9216 8675 4074 8824 1565 7117 5629 4370 3463 7923 6178 2764 96 796 4522 6805 5862 3096 8527 1725 4972 8523 2410 1292
4308 9487 5761 1033 1528 2352 9402 9665 9846 995 3847 2687 3734 636 9219 6439 2721 3472 658 317 9695 3888 1047 1198
5884 8978 1235 7180 5250 3368 5842 5216 6713 911 3443 3503 9221 2847 9421 5776 5974 813 3631 3627 7784 6106 20 1550 6407 2646 8433 2164 5705 4666 8740 6882 8165
7206 9603 8191 4601 636 2330 6103 2082 8784 3635 5662 1924 3377 2984 3977 1252 7721 6905 1361 1495 5593 7519 2368 6970 3380 8657 7697 3093 8576 1085 9623 5006 8533 4427 9693 4069 3922 1046 4365 4646 552 2131 5349 6046 1054
1752 4718 2495 9438 9574 6995 1330 4248 6638 195 4719 1444 208 8110 2199 1666 8839 7488 8873 8809 285 5611 5385 3496 3189 6430 1082 6509 9162 6371 3169 1751 849 4619 655 5442 9621 6214 3192 2131 3189 9192 2715 4518 9680 5161 307
8071 4780 4881 3238 2218 3734 5754 8880 1319 684 9956 4933 3917 160 2633 7480 5428 9658 2802 9542 8779 1956 1030
6996 8512 2850 4103 4645 3034 2059 7759 2344 3060 1615 1571 9554 4739 6965 207 7546 4675 8266 6108 4638 1239 5471 9928 2569 895 4027 1397 2223 266 2671 5951 7155 8516 6263 8283
8129 6997 705 4343 5216 6758 9408 1532 860 845 1072 1353 9199 8020 1789 539 8171 6446 339 2352 5144 7770 7973 687 3218 9775 1439 8062
6720 2126 1464 8634 7276 8438 4974 4439 4207 5208 7796 8788 2481 8828 8808 8747 3300 8876 394 9250 9865 7298
1431 8081 2882 8869 7523 9067 9027 648 5865 2155 9079 3751 4799 9530 5146 4896 9971 1924 4539 489 3011 1752 8018 3496 6681 6562 1332 7078 4365 8616 4885 219 9787 7703 9965 7716 8255 7221 7879 5860 5626 3887 8269 7563 8233 287 4283 2639 2531
5555 1654 2535 2253 4935 5995 4893 173 4012 8456 777 3321 9141 5035 4194 1288
190 8609 5723 2993 5398 4637 3914 7089 2821 3917 9813 6180 3003 1669 3050 2996 2061 2721 3512 9090 360 4670
4444 7037 5436 2468 7740 291 5170 2121 9711 8901 5619 7232 625 5289 1598 9806 6080 8963 6565 651 5364 6022 1502 1157 2416 699 1938 9128 2314 4672 932 4913 5404 8028 6709 7028 5776 8182 2319 7208 9993 5193
1651 5228 2724 7506 5579 9306 2276 3441 6518 6955 9959 2447 9782 4576 3704
3885 2435 2431 106 672 2657 7953 2934 9994 3997 9065 4932 5948 2542 4206 2098 5528 4693 8479 5988 4344 4683 2447 3792 6956 3215 3734 4338 2949 1993 9540 1047 4796 7583 3985 368 9012 9154 9908 4833 9890 3713 6507 2062 7033 9277
9476 7069 8199 4410 155 2145 1108 9879 4798 1612 9255 6193 6476 2269 4795 5272 6638 8610
1896 4871 3408 1365 153 6704 4796 3310 6111 2683 2317 4548 1887 8742 7755 5649 2080 8578 7766 8120 2243 8446 6240 7813 8010 960 4404 9835 2585
4454 6297 8846 2887 8278 6678 6137 3036 4005 2343 8348 1738 1327 9256 3016 6171
8044 738 3185 3 7574 1060 3970 7582 9115 3438 8162 6321 2021 2249 530 8822 8346 4852 9971 576 5827 9396 6904 9748 4139 6848 158 1175 3643 1472 9445 9844 5534 402 1895 1172 986 5840 6802 5865 2412 5090
7344 372 4248 7647 2738 2773 784 9725 5235 8852 6979 9218 4389 6139 4760 5605 6331 9956 5291 3960 7859 4662 8958
6121 9949 9506 589 1621 3845 1461 1202 3436 5610 1949 8625 206 1861 5223 468 5587 9441 6015 7555 6750 2896 6969 4629 1276
1197 4229 2473 7064 6984 4481 2491 389 2877 9857 4842 7031 1196 6208 2863 7411 8199 1838 7058 7085 8814 5028 9281 4104 1570 6117 3927 6809 2575 7980 3674 3389 7967 5491 3386 8407 3882 1827 5032 3197 4278 1134 6314 5856
9878 2232 518 2305 7624 8419 673 5057 8002 2853 9220 1721 784 7847 8670 4718 9307 4634 3207 1974 9324 1821 2423 1839 2173 4413 612 3879 7209 4689 8699 7664 7079 9914 5951 4368
6828 6382 6611 4481 6070 3184 9645 4265 5586 2553 9336 8421 8052 2870 6439 6087 3199 4789 2324 4766 2856 1969 7710 9733 7299 8630 8313 3523
3877 1884 3472 1778 6143 4202 7468 5607 7754 7411 7486 1488 3941 3059 7209 7945 4139 646 7467 413 1492 3645 7609 2234 3751 4835 5300 1481 4753 6246 9593 2542 9781 6189 2429 9436 9973
4314 2686 8206 2350 1867 8645 3282 3588 6821 1266 8611 5758 4193 7740 633 4505 9448 599 9271 7959 8383 1822 7391 4776 1277 1910 9390 1457 3211 1175 5303 287 3760 469 440 1285 6396 5081 4781 6611 2084 8678 1735 2396 7912 5719 4734 3552 1700 1307
5439 8940 7592 499 6535 6186 6243 2495 5712 4538 2023 1091 3976 6918 3078 7866 1011
1892 1007 192 836 5869 1411 9415 1611 3259 5750 5672 8555 6458 1700 3330 1006 2244 5475 9776 2722 2271 4050 7148 7857 5473 3872 2248
5908 5152 6789 9519 3438 2813 1894 7497 7920 653 1820 935 4907 4747 3706 488 4639 9854 3529 4333 7142 9456 3335 8374 3338 3688 4841 8876 5538 6983 8632 1506 5755 321 9523 4659 4115 3698 5850 5010 6523
7833 1221 6154 5562 7532 6456 2113 4263 6254 1088 3588 6714 1955 1285 4757 3250 6427 4349 4400 8352 9087 9287 5886 5713 6185 8396 1366 6663 2244 9931 3991 9850 680 9752 6239 4285 1337 4814 3926 4079 5044 3663
4843 9209 7984 893 112 8893 2827 3632 4043 4932 9025 9211 7781 976 2674 6044 2181 4076 5369
7480 6215 8704 4203 2408 9596 3236 7158 8882 4360 8947 3153 2323 25 1804 9555 7519 4101 4134 1939 2069 3266 6622 6613 4267 8985 4232 4784 3115 7664 1367 4733 1426 7806 7310 5965 3709 2663 3118 5219 7186 372 4782 5786 6318 2317 1416 8664 2618
6802 8537 3079 4523 6885 2883 9609 1006 7007 8336 6088 4846 2964 7910 368 5623 492 2475 3653 132 3389 2270 574 9338 5910 9032 1758 6604 2800 2921 2963 955 5768 8866 5087 9822
4148 5343 921 7157 3702 7328 4485 4432 7705 9773 5113 4252 1533 6122 6529 2701 7370 5533 2254 6763 5017 6516 1885 194 9609 9039 256 6823 1329 1571 9822 8899 5044 3009 8542 2097 2629 6441 1765 9866 9891 1575 8448 1106
5167 8358 5924 402 3604 5828 9784 5227 8959 852 2712 5865 5330 3237 3251 6171 98 1559 9362 4678 1027 8516 9590 2631 5542 8514 6009 1196 6394 6489 2917 8297 6227 3836 5765 2926 8764 9878 5263 8648 9553 394 2012 4661 8083 8177 1317 7236
7703 105 2121 4468 1445 7518 3685 1145 8643 1489 9992 4094 2616 6654 9933 6143 5142 345
2739 8085 1645 54 8445 556 2800 3289 7932 9837 9337 1359 3775 4510 769 4646 1795 9169 6332 5581 3853 2636 299 106 3414 6722 1557 2361 2156 8895 5707 7597 7489 7718 9753 8353 108 3849 4320 8156 5525 9971 2223 2334 5441 1082 7801 3606 139
4903 8899 3833 6264 4398 3630 5177 4650 4350 4310 3417 2424 8737 3300 2726 3269 1527 7825 9737 4958 1707 2392
4405 3685 5869 3107 2997 1368 7893 6697 3916 8628 4730 7120 8807 135 3390 4785 7701 4107 6101 572 8949 6420 6833 8373
4039 6454 8913 1113 2494 1084 7282 7377 1816 6112 4773 6811 2428 6353 3073 5498 9691 2965 7189 7579 9986 4020 6085 8422 3466 2531 263 8313 566 3283 461 287 7978 1541 962 7423 2973 8279 6693 5145 6163 8648 5532 6553 903
660 5810 2057 9480 8103 8071 9552 3367 6037 4154 9924 6855 7478 6059 3767 8712 8365 6683 2029 1575 6809 8881 436 2989 3407 7183 5653 5063 855 9509 558 5606 6494 8860 1073 2804 7818 4241 9467
411 3491 2057 5938 6753 1456 3511 7204 2605 4651 970 2768 8012 6417 1119 9979 3714 1507 1186 8558 2306 6057 4450 5148 1534 1363 5278 6716 6405 2736
8507 7654 6641 7059 9915 5609 7840 4187 305 1809 7126 8713 1792
4090 9251 5746 8839 7524 2524 3059 9160 9483 8114 8904 7234 6626
4541 9283 7938 3329 3328 1297 8192 3752 1723 9318 6674 2142 2559 8442 6578 4789 5201 8069 8217 1047 9586 376 8648 1485 9695 8542 9392 9243 1788 5355 9261 3970 2323 2476 6957 7773 800 7157 767
8973 9401 8533 9435 8525 6282 7162 1733 3405 9469 7142 3924 1570 1375 9254 3765 9111 344 5897 9749 2303 6271 2082 7399 2917 3625 1687 3189
7810 786 561 4795 6389 9503 3966 8986 7718 2169 9019 1038 9440 461 8201 4336 8354 1792 513 8216 5715 2266 1037 6773 23 410 394 2759 8535 7540 8797 4273 1653 5735 8569 8892 4765 8732 2253 1725 9024 3936 5434 9235 3968 3549 5779 3298
6544 552 9613 5549 1043 5510 6889 3043 5177 4983
73 3881 6164 792 5236 4751 5272 9026 2863 674 8762 9400 1314 4649 3510 6077 6771 415 5635 2011 308 4192
7209 5125 3527 7236 1500 1588 9252 1540 8983 3699 6740 811 1205 6692 5696 6119 8750 4177 29 7234 6700 881 4371 2060 9037 587 4825 9023 434 4090 3272 7178 2700 904 2547 4618 5210 2407 8702 1051 1351 8272 8780 1097 7029 4743 498 603
7943 5779 5561 9166 1528 1163 9576 6279 6434 9727 6425 1626 3408 9597 1316 4524 5358 2017 7675 3524 9571 9073 9335 5458
2881 3579 1293 3445 397 8671 6755 5492 1625 363 2972 158 1941 2033 7372 802 2321 9481 7908 6207 5428 8971 6587 8131 7505 2306 2111 5939 6697 5248 1420 351 4272 6817 5059 4696 2753 4260 6335 9013 6181 5749 3081 3278 5053 8128
9177 6053 1950 5937 8099 6529 2448 3801 6196 2109 6999 5126 6024 9170 9784 1173 2736 3063 376 8280 6911 865 2076 8566 9678
4119 8933 189 1354 6804 5578 5829 8353 5316 9026 9844 8628 6429 5198 8233 1421 867 7600 2869 5518 7867 8253 4353 1211 3999 7693 287 7588 8836 7494 3918 8840 662 9161 9503 7572 1060 164 8229
5118 5598 796 7321 8073 4094 6063 9833 3715 3119 1165 5614 6280 1250 6943 2185 6210 9449 1609 912 1755 491 11 5941 1055 3721 8235
4551 2696 7270 8054 6747 1294 9687 6567 5982 5105 2808 5482 8407 906 5986 6177 7441 4224 1175
9001 3980 5577 3862 3790 4063 363 7559 240 7979 7567 5715 2151 5798 8388 7266 7343 636 8124 3394 3577 2106 7362 9277 1861 5233 1817 1760 6017 1192 4356 4432 1141 2777 6511 7824 6897 9016 979 1047 3819 8083 5590
8143 5175 9313 9918 467 6768 3800 5625 4159 7962 9645 8532 4631 2500 7765 2471 9150 9016 6028 6263 3975 5347 704 3584 8554 3442 4804 1685 8710 8530 4214
5921 4599 5623 189 9382 7096 1848 3768 9234 6434 45 8974 3100 8518 5697 2713 7161 6932 5244 5075
2962 1990 316 2824 6743 1690 7706 4339 2396 1484 8334 6200 1192 3727
4998 4395 8636 3295 3495 2017 9616 1434 2843 400 5804 735 3702 1116 7937 1240 2209 3917 2217 4611 3793 1435 2560 2292 6213 2049 8271 5167 5940 3101 2524 7000 6649 6671 6166 4611 9315 8203 518 4679 8814 737
6027 3707 9676 4536 7950 978 9902 9663 646 4359 1267 6470 3295 4858 2348 3027 1832 1659 272 8870 739 7356 7270 9493 1078 4775 7252 1132 9898 4966 8007 8946 8290 4013 7599 117 9193 5144 1930 454 6803 9330 1892
9302 8978 2486 6006 4709 4141 5241 2344 9209 3988 6297 6841 1486 2507 5675 5756 6720 2750 4737 9900 1973 1330 1942 7413 6244 8697 6044 1263 2107 8906 6174 2578 7056 8564
9787 5561 5716 553 9109 4192 565 4712 251 3130 8184 7762 8664
8926 106 4215 296 6002 4803 6889 1598 6655 6977 8042 2288 2643 9907 1481 1652 1309 3996 8819 4761 8463 4357 4082 7169 614 700 7007 1532 3396 7537 8917 5189 859 4822 5898 1957 4211 985 7953 803 2107 2320 2043 3425 280 5798 9612 7619 3499
1158 7553 9880 3987 5198 8958 8433 724 4313 6337 3377 7948 5759 3917 8633 2357 5851 3074 3011 8992 9124 2162 4766 9928 3102 4465 1147
9021 6378 670 1094 7770 998 9742 858 5591 873 4535 6842 9441 6892 3756 1120 2911 8229 4646 3232 1571 5912 8187 7461 8676 727 587 1502 3671 3907 1141 6374 2727 3264 3391 3065 7878 989 7195 4425 4808 6678 8724 7275 9388
5392 4259 893 7764 5005 5921 6305 9914 1773 4223 9723 6317 810 2076 8742 4817 9263 5157 7551 5575 6054 3841 3083 4748 6643 9566 2584 2462 3149 9897 1095 4760 5222 8779 7028 7835 4594 6000 9216 9216 9016
72 1124 4435 7717 8166 5060 9942 6037 92 5461 6956 2331 6832 6224 4965 419 1406 278 4476 8506 9910 658 5462 6501 7040 1071 3268 8072 5116 5750 5929 4753 3561 9677 9949 3687 6194 7271 1942 5943 1065 4268 4061 5150 3970 9855 3700
6139 7043 991 1420 4743 1419 1909 6537 4694 5211 3723 5089 7670 2483 8638 1274
8030 3874 3415 5759 203 2157 3833 4172 3433 78 2615 7155 4355 5181 1353 1566 439 2850 511 4237 9554 8429 9352 216 8016 7548 1370 8298 2340 7731 4841 6590 1512 1232 6283 7495 6487
331 665 288 5129 9372 3859 9169 9785 9275 7133 6786 8598 9185 198 8074 3653 2847 8866 1792 2973 33 6109 4681 3615 504 5952 7442 6686 8313 3865 826 7187 3525 7606 9168 694 6869 9749 6790 9312 4078 1635
3814 7810 3407 3118 4511 8106 4989 1708 1666 7594 853 8297 5738 9153 1471 4008 3570 7657 8181 5148 6906 5595 8868 3857 2113 3562 5921 4530 3579 101 7233 8454 3941 6032
8194 8072 4803 193 8646 9287 3993 7844 780 3012 5978 1102 5314 8156 9528 5101 5459 7068 6582 7009 2894 7657 3872 4155 8208 5404 125 694 723 7162 68 9200 9494 6938 7580 6633 7963 2828
3525 7991 8718 3302 64 3008 9061 482 2553 992 7472 736 2045 8678 411 8227 5864 6700 7342 394 1743 7877 7993 1247 230 5450 1337 9027 1874 4719 4505 558 1020 7789 8464 5379 2259 3040 733
6145 1287 2699 6410 2896 5483 5362 2728 7121 8205 7186 1470 3147
7503 5138 4183 8355 12 3142 2374 847 8470 9689 6647 6280 9600 9672 6507 8297 1584 637 7533 8150 9144 2169 3905 8979 5536 3188
2732 6074 284 8897 102 1894 2059 3384 1747 4945 7005 8791 6491 8851 7946 8879 1746 4368 4419 3330 2060 2444 2034 9355 2662 700 3839 6033 7746 4549 628 7606
3388 2261 2154 2894 5685 7497 3940 8635 9261 7364 4674 7792 7895 8834 6701 9774 3691 2757 3689 6518 3855 179 4642 7821 4675 7375 817 1305 2858 5784 6073 5882 4623 7347
4469 21 4090 9382 6864 6605 5198 6753 8146 2014 3738 3902 7622 2454 3232 6278 7630 4933 2170 5819 3696 4999 2213 1527 5071 4732 9306 3080 801 1069 8601 9574 4082 881 4651 7978
4502 9688 1059 1611 1387 9031 1648 559 1721 2159 5684 7466 534 1843 9414 4007 3309 7978 989 9159 6222 8732 111 4679 9206 1876 1780 5428 7071 1193 9604 8618 7213 9994
3747 2843 9654 3753 7680 1740 8939 9346 833 8394 7055 8417 5589 6174 3710 201 792 1297 3564 4387 2228 7740 2252
2682 8864 2680 1228 3695 2490 6354 7407 8015 3383 5796 3396 7981 5233 5487 1065 3111 1595 8359 9149 1733 5697 9363 3247 5816 2609 6003 1690 9084 2959 1434 5497 2032 5318 3209 390 7023 1521 8505 8456 1441 2966 7332 9355 6921 7288 1626
1509 8978 2078 2476 2557 8232 5933 6893 3133 9878 5115 714 6489 4984 2475 5426 9958 6284 8244 9481
7726 2652 845 7903 1419 2722 3032 3348 9806 5258 1009 5462 446 5905 8348 9323 6673 2263 2455 7347 1079
9681 2208 9715 729 5438 4884 1996 168 3161 3850 5032 3842 7899 8714 6307 1337 8028 3096 5616 3557 7121 7910 6103 3659 6046 8458
7354 4406 8061 2143 2669 8805 716 8527 8807 6165 4167 7557 4141 841
9874 8068 5464 4953 3802 9269 5263 8016 7561 8758 9218 7846 2593 2609 4531 5401 1928 5225 9919 7082 6099 1522 3574 1338 9975 4725 2494 1989 5818 2340 2247 4310 8168
2890 9737 2668 787 8125 9385 2555 1384 2609 9199 5351 3852 7513 8436 4411 3517 5215
7400 5904 2612 2329 6392 1737 8725 1990 8713 4976 2902 259 9415 1485 1190 7010 6224 1458 7180 6948 415 7796 12 8299 1239 7307 4336 1447 9706 3455 4242 4696 6177 586 2039 1436 381 8041 3271 9498 2004 5425 7377 4027 9312 1473 1983 732
3166 6107 3093 2925 6300 2073 697 3806 6501 7063 6701 4805 7217 5300 4827 6039 6496 1849 101 6437 3576 7449 5544 5021 5747 1209 5752 7774 9037 6655 2030 9446
2182 9535 7891 1544 7728 9183 9166 6873 8784 635 894 7530 7671 5259 3294 3575 9008 3986 5248 3945 7310 8871 7358 6771
1822 5355 9432 768 4223 2050 6566 6934 7356 199 3480 1053 7540 1097 1472 346 1731 4803 8034 3548 6295 6232 2698 9256 4941 382 2966 8154 3564 860 7329 754
3940 6438 9399 3810 3597 8397 4676 8875 6848 6038 3324 4651 3706 4739 8693 5734 9695 7777 4674 6828 3619 9353 687 337 6311 1036 5513 6060 4465
5770 9273 3826 4306 4706 9448 549 2970 4447 8403 8900 6694 2035 691 3280 1482 935 7724 8618 5493 940 4094 6036 2853 2552 4301 4231 6706 8659 6688 4953 3215 6309 4083 4392 1267 4550
8829 6419 4009 7908 7590 2208 2294 9477 3426 3125 1089 1013 7201 6973 3686 4686 693
2404 969 5349 6980 8812 3820 227 8740 7281 686 3208 5891 3244 4439 6749 984
1249 3437 6037 4240 9766 5979 6391 5236 9488 7320 7675 7204 4277 9806 3384 7604 1322 2912 4709 4094 6856 6571 663 888 5121 9314 986 1576 9920 2632 4595 5493 9301 8204 223 5371 5706 7518 1690 4522
8143 5131 7611 4614 677 9565 6892 869 1167 1918 7305 9961 1959 3678 1555 994 6992 4818 9394 9098
3607 6791 7524 1205 2174 3082 112 8233 1864 2361 2785 321 746 6547 7496 4579 5009 8277 5786 2625 3807 5946 3257 3756 6421 4858 3731 9062 4518 1157 6013 3643 5904 6313 3760 538 2204 5575 98 146 9169 6659 9579 7464 6643 4934
6251 3181 3005 9070 2769 1978 2280 4814 1393 6431 4202 319 3391 505 8438 8126 9676 1083 5957 4530 2050 2844 9526 3152 7087 1079 527 6754 3325 502 6629 555 4 5742 7829 3079 8696
1720 3594 9350 768 427 7849 770 2066 8758 6617 1357 6640 8758 9059 4175 5274 454 7426 3758 9006 3610 7029 8147 2588 1592 8281 6157 9373 9555 8643 7319 2519 3003 1525 6285 4718 8232 2649 2877 6187 2506 236 9394 775 4572 5708 5137 783
